config,slope,intercept,tcre_postpeak,zec
223,2102.615568096239,72.81258753538106,1.7425914920422083,-0.034629529353911996
248,2330.7835100647344,-36.117684323126696,1.5720035705496462,0.015495941243433448
337,1942.068446325698,-291.9707625282325,1.8866482316481252,0.15034009902206455
1244,1920.5350759920796,362.66195146178705,1.9078016568415492,-0.1888338078253785
1483,2571.052227153473,130.5420241363268,1.4250974606052942,-0.05077377377154867
3495,3444.5185541700407,325.96866130735185,1.06371904879544,-0.09463402684033277
3925,1302.9309272510066,-2.4634923141943545,2.8121214435599464,0.0018907313217224513
4086,1904.3907849035365,94.56702648220602,1.9239748632713496,-0.049657364040960814
5030,1934.358449614467,181.78499573653568,1.8941680642128476,-0.09397689232456728
10946,2239.9897635968646,444.16061154929656,1.6357217606729284,-0.19828689343476527
12055,2375.7113281948527,27.13110777518216,1.5422749205746447,-0.011420203899855673
12252,2086.7920976233577,132.86968420111128,1.7558050004947405,-0.06367174015678717
16346,1840.371184421352,-528.7625837699695,1.990902721698521,0.2873130095960629
17439,2475.0444965048755,100.40894958073403,1.480377425607541,-0.04056854320095099
17964,1932.243868009058,-20.20442721994084,1.8962409769607942,0.010456458190631518
17989,2719.824512955584,148.45206757207728,1.3471457377293794,-0.0545814874691151
20430,2250.521353050241,306.80302915965507,1.6280672009772326,-0.13632531357404362
20449,1571.8930803994313,-190.18822370925372,2.330947343485313,0.12099310448069743
21903,1921.5301048631623,107.04649702609021,1.9068137369936882,-0.05570898772554662
23364,1889.1365163267126,-37.62855342320563,1.9395104421168987,0.01991838763265854
27756,1869.9590438803546,206.807787436066,1.9594012029251875,-0.11059482190953171
28308,2567.056409254621,131.47479667956742,1.427315732833425,-0.05121616969754976
30593,2149.324247620126,32.84438080373633,1.704721846439421,-0.015281259139984953
31848,1528.8249330756476,-577.0389230822735,2.3966118819300433,0.37743950311001445
32641,1934.477954219687,163.98116007414598,1.8940510497975422,-0.08476765512703466
33224,2254.689163987455,-94.16119138750594,1.6250577057460798,0.041762382545441575
33441,1723.0500541033541,221.73613110759328,2.1264617306237708,-0.12868815422949567
38506,2319.9898800427454,204.9252397152747,1.5793172338891803,-0.08833023000578735
41580,3155.2688862859936,-37.48483019547058,1.1612322537471043,0.01188007474050595
41609,1781.4071552115054,-100.77178313094726,2.0568009897574346,0.05656864172580618
41661,1697.922680949068,466.81514193913546,2.1579310065826887,-0.27493309747073125
43721,2340.534330336165,-136.2317631623332,1.5654545000729594,0.058205411215979296
45571,2400.851974846442,-400.14277839784165,1.5261249083189932,0.16666699263016194
45930,2350.8230812637908,125.98001157993593,1.5586030395916701,-0.053589745899640266
48841,1981.1895475076042,253.16022578831218,1.8493939686939203,-0.12778193086410905
49008,1562.391121366336,467.23214953439964,2.3451234136531536,-0.29904941416064734
49048,1540.712530538304,-189.80083887683782,2.3781204652887764,0.12319030001691748
49555,1931.5446460230671,183.11270548480076,1.8969274189669667,-0.09480117680003859
50094,2305.036089608556,123.38422121582272,1.5895629645530736,-0.05352810820275529
54443,2147.035422252266,194.27766546977517,1.706539147899302,-0.09048647425945845
55496,2287.2325652954346,241.06779034413665,1.6019359183646167,-0.10539714850247364
55843,2035.5605076006507,228.33309142778813,1.7999956210188113,-0.11217209735363169
56721,2446.2738286391873,139.07256402875333,1.49778816954364,-0.0568507754122181
59064,2301.9867810724872,-298.3884400772949,1.5916685665297157,0.12962213446693938
61596,2759.2634668332526,-67.2359864381138,1.327890592559142,0.024367367323309325
64312,2056.302118653154,41.52804776465848,1.781839335165332,-0.020195499186597497
64899,2152.822625907452,245.81583531641803,1.701951640560987,-0.1141830415372945
65896,2300.905621134233,-214.8871595973814,1.5924164669534897,0.09339242671390087
70750,2728.8591907422087,226.4026427429099,1.3426856220468624,-0.08296604072170238
72115,2449.271637959289,139.9698159678041,1.4959549374657406,-0.05714752655382303
74638,2722.1732891418724,-222.63186121786038,1.3459833782863344,0.08178460280463702
78536,2170.8963960535348,16.5405999837389,1.6877820639717185,-0.007619248902807154
79256,2402.110007416053,194.68618173712008,1.5253256464891716,-0.08104798745105923
83960,1702.3421993008649,520.1499388356049,2.152328715991866,-0.30554957695886603
88397,2021.1037398586614,312.25064921406687,1.8128708228783095,-0.15449511227756324
91119,3308.312331170159,172.82179411677367,1.1075133280127858,-0.05223865730224031
92607,2110.4640910983267,65.19610995851076,1.7361110361717564,-0.030891835702630425
93611,1707.5101762779016,202.0014962918445,2.1458144442728493,-0.1183017817979717
98087,1663.3247224402173,267.1421187621733,2.202817014963048,-0.16060731567210554
99023,1998.8022425050356,-205.77873456339273,1.8330978033164627,0.10295102246107987
101111,2170.4779712348927,151.3746403232696,1.6881074346566016,-0.06974253704917588
103031,2074.5414832628494,276.21363304067967,1.7661734072616577,-0.13314442505447008
103127,1975.4804001025673,221.00746381383743,1.854738725734644,-0.11187530071286088
103551,2306.156019853413,242.7249228090888,1.5887910308136464,-0.1052508679896329
104192,2034.471410736015,208.35234575452165,1.8009591978854433,-0.10241104625753654
104797,1725.0867449997754,344.53565070334656,2.123951163974932,-0.19972076865235633
107831,2055.3694429716106,102.14620804738541,1.7826478896673021,-0.04969724951233319
109673,1975.237450131726,-138.54261436335946,1.8549668546207712,0.07013972641826947
113115,1821.2106728042252,-98.72789100070065,2.0118485218178104,0.05421003318011722
115120,2616.7012895946004,-103.39826602117324,1.4002362495749965,0.03951473805295999
115184,2852.5464066279283,-191.51491633903117,1.284466395178234,0.06713822986158746
115961,2234.674586095646,116.90134566388025,1.6396123278072565,-0.05231246929250967
116420,2291.641673148178,-98.83916287191369,1.5988538011557991,0.043130286916161664
122181,2137.580064574196,328.6212002743836,1.7140878420055181,-0.15373515393438358
126399,2152.7377902872354,14.338523779041338,1.702018711489763,-0.0066605992814053674
128182,2189.7665027302587,-42.161609410712686,1.673237760935528,0.019253929292527068
128656,2247.97029445188,-30.08350538604566,1.6299147764732314,0.013382519093020705
130107,1797.4321440536671,-383.44062836562233,2.0384636004877197,0.21332690061994
130935,2051.2413929156287,40.896557004866565,1.7862354048891345,-0.019937466719475817
132500,2133.878458327353,-24.447846762197003,1.717061243906102,0.01145700059288312
134912,2196.984610823488,153.36995079041725,1.6677404028909588,-0.0698092968129304
137062,2089.3000041349974,-293.78316034130694,1.7536974071451998,0.14061320047856782
137669,2311.1779953996424,362.0094100775818,1.5853387351788244,-0.15663415401070574
138077,2059.398062898112,-230.86585588020003,1.7791606518478478,0.11210356076343557
138362,1771.7179434880309,-23.48114005941744,2.0680492701826907,0.01325331729337767
138576,2039.5166533079775,-85.50848344969006,1.796504085444561,0.04192585694801769
139605,2200.011590105611,10.461194320460663,1.6654457715034632,-0.004755063276715954
142753,2190.9823656276517,-35.71501389939027,1.672309215026645,0.016300913443983368
145103,2067.9824461668113,144.25720250227636,1.7717751941229234,-0.06975745987093356
145950,1841.8218070771954,201.38355008572518,1.989334682606694,-0.10933932333296816
146182,1441.162570847728,154.67194855508427,2.5423918675911374,-0.1073244279887885
146984,2537.7753183417635,-133.70526158087864,1.4437842363421423,0.05268601227796813
149102,2021.277579493683,352.3387261604125,1.812714907231004,-0.17431486389349404
149375,2882.08832497313,140.34085560107627,1.2713003859915222,-0.048694154993457625
149439,1861.51387566448,387.7382651940979,1.9682904585882337,-0.20829190169516842
150098,2373.249256750035,157.2344627039568,1.54387491730116,-0.0662528228995534
152701,1851.9312165468386,218.18940551303484,1.9784752086160058,-0.11781722969164954
153961,2503.8431120872165,63.437681521921775,1.4633504720452197,-0.02533612478181183
155692,2888.614849068964,41.629995263709816,1.2684280153101588,-0.014411750073613198
156618,1844.9843852876293,258.77247994052306,1.9859246664728765,-0.1402572737222277
157018,2303.703957165502,205.882293953491,1.5904821401219533,-0.089370117767567
157582,2255.310867717258,-682.1207568329721,1.6246097389263967,0.3024508800968043
158111,1795.069683895354,-48.09642828056218,2.0411463871692224,0.026793627407372574
159826,1665.022264140512,240.81287231048185,2.200571174879373,-0.14463042176483445
159902,2183.6410982817342,278.69379608773755,1.677931415965349,-0.12762802289581215
160055,2732.8307840744455,38.879293240819095,1.340734311598046,-0.014226747395919255
160896,2085.2587241891383,-329.0497440508777,1.7570961135409047,0.15779804214886095
164142,1853.074436958842,272.7404612928639,1.977254624489421,-0.1471826796879621
164558,2612.9343947748634,110.879040947703,1.4022548776299064,-0.04243468231327584
169217,1580.4356506049733,8.019637878289814,2.31834810774957,-0.005074321042568222
169322,2060.7233139959335,105.04497216513909,1.7780164736891166,-0.05097480649231223
171910,1612.033189649699,-29.062025270828258,2.272906056479024,0.01802818047260153
172987,2264.4404921729315,106.06686180858645,1.6180597426448893,-0.046840207183720645
173619,2269.5412050156347,493.1448663483914,1.6144232111330004,-0.21728835116919332
174237,2083.1240930574863,91.98131942012805,1.758896655370251,-0.04415546809077672
174415,3128.3570261054138,19.664084965569486,1.171221816891349,-0.006285754727314453
177510,2850.66868776874,120.8723947440962,1.285312465710586,-0.04240141804718275
177612,2067.155818075616,-67.00347964675393,1.7724837034350605,0.03241336674326258
178647,2159.347763647501,-312.9604896375955,1.6968086668035762,0.1449328796900008
180377,2529.1629132133166,34.322524210435574,1.4487006672673632,-0.013570705165381617
184447,2598.4153516006854,97.92092746319435,1.4100901912170773,-0.037684863354456685
188376,1912.0607786103337,-199.6360222376389,1.9162570776975814,0.10440882657649217
191392,2787.3943855697735,-103.54737406207647,1.314489266021478,0.037148447524375086
191497,1561.702626220082,-196.61054130263196,2.346157289155799,0.12589499306824162
191804,1759.9891883313219,245.13129776515342,2.081830970492441,-0.13928000205363017
194250,1788.5683315359097,227.46667323052787,2.0485658475533826,-0.1271780726628397
195539,1995.2410917905672,-277.8268547269001,1.836369557080371,0.13924475386459337
197915,2208.6938294732345,27.854424326260016,1.6588990067825973,-0.01261126551564786
198326,1630.8245594287575,-165.5193292397538,2.24671622635081,0.10149425840001552
198475,2106.9605865873073,-267.73494191756754,1.7389978831709736,0.12707164226134102
198930,2073.0514396819713,-58.89604791776918,1.767442876652447,0.028410316690841247
199728,2218.239760299603,-75.95567980766339,1.6517601323245275,0.03424142023196111
202348,1888.6442760981768,-151.64976141078074,1.9400159396716037,0.08029556615292312
204179,1569.845447271149,-380.5326687233277,2.3339877224022945,0.24240135828963602
204577,1878.519144266053,20.480332343003454,1.9504725364039575,-0.010902381487842236
208004,2535.947673105625,-10.408904456780476,1.4448247646659507,0.004104542284988596
208778,2193.920637028286,210.29760776155996,1.6700695267459489,-0.09585470149294585
209506,2192.5963036353915,138.22619340613136,1.6710782527202916,-0.06304224502109582
210981,2189.592002082296,424.4094822011014,1.6733711104696884,-0.19383039479386532
211168,2013.8847169890328,197.9193436180745,1.8193692861814161,-0.09827739490172234
211592,2312.1901460422564,-185.79393591775454,1.5846447604110836,0.08035409035704759
211658,1796.567831725815,1.1245811703852269,2.0394442866542346,-0.0006259608741323917
212762,1677.584456347949,70.51917557879182,2.1840927210165133,-0.04203614030396415
213767,3016.378244741819,-76.13557126819387,1.2147017723613152,0.025240724170091787
213884,2108.981927605126,-204.64746320617766,1.7373311511306733,0.09703613887226002
214810,2395.872842730822,104.75885729046587,1.5292965196866473,-0.0437247150274726
215491,2083.6297062404283,341.9405676779624,1.7584698418468478,-0.16410812662818994
217420,1643.1573571974043,283.674567557446,2.229853388022056,-0.17263992782851054
219381,2965.0786927024637,-42.57816248064779,1.2357176249715376,0.014359876041549759
219427,1864.597736239684,311.83463587729676,1.965035100487225,-0.16723963019829177
220832,2646.37020465164,262.2529000777104,1.3845379582794681,-0.0990990979329865
222495,1629.533114837199,298.8620390779109,2.248496803555942,-0.18340347695712164
223154,1987.7987308879403,282.320503157347,1.8432449639221313,-0.1420267046006392
226825,2559.351342005521,-166.82505206931972,1.4316127449421894,0.06518255205187841
230067,2103.605952410526,-149.38297740628155,1.7417710744740078,0.0710128136094611
230709,1795.4034573525028,-302.57505670663386,2.0407669290126713,0.1685276117006092
230849,1513.5225668496796,85.82011986663423,2.4208426621787544,-0.056702240023592414
231653,2758.077262684415,-53.34487984502118,1.3284616966944056,0.019341329036265297
231691,1790.4138623792355,148.6742966583675,2.0464542176472,-0.08303906699024213
236257,1853.3957019411712,-141.9523109359194,1.9769118899771245,0.0765903960968747
238853,2026.6162019964654,-93.55032853614847,1.8079397551398784,0.046160851000791335
239019,1745.2001695612803,256.01889443310694,2.099472635807204,-0.14669887093665973
241760,2354.896168393402,-165.69774673446773,1.5559072409123318,0.07036307967986245
242201,2167.881835346981,89.21786094137877,1.6901290191462661,-0.041154392959383314
242433,2337.1527754991275,231.96623300398045,1.5677195082882454,-0.09925163448266287
242714,2522.9209561988573,-33.3741110648856,1.4522848965987194,0.013228361745890163
243800,2791.3347856082587,90.49961162557207,1.312633661462281,-0.03242162570114331
244037,2577.1648476120586,51.625466094257376,1.4217173586683747,-0.02003188354136226
245184,2505.072902036873,451.6539271183645,1.4626320842881675,-0.18029572183353426
245693,1749.4440352096333,-18.348235017382308,2.094379657912834,0.010488037712611748
246040,1852.1934765717049,-454.2873264492556,1.9781950678186366,0.24526990953996514
246874,2218.1347699309827,-159.35264090011856,1.6518383146367637,0.07184082908770995
247239,1885.1694482792277,104.24709584521946,1.9435918629725721,-0.05529852817229541
247671,2111.2861988268346,-219.16975583800135,1.7354350168328445,0.10380864326200118
249700,2008.032158743643,253.73546323828083,1.8246719725307783,-0.12636025879039428
253642,2319.8569189340765,166.36697824417087,1.5794077514416398,-0.07171432724420472
254906,1656.0590740147077,211.08618200498273,2.2124814612545998,-0.1274629542612005
255471,1825.0157418491829,203.92428628531326,2.007653915514987,-0.11173837113245312
256561,2002.929932807334,16.052012697419855,1.8293201075009586,-0.008014265718681999
259131,1980.5647062999526,-183.66888691445962,1.8499774273192033,0.0927356154182843
260015,2597.187283731893,86.24251333213084,1.4107569457737397,-0.033206120279554566
260044,2384.2925349653183,-290.5476652196242,1.5367241839111392,0.12185906760969266
260583,2474.0163080390266,116.38151141380678,1.4809926628592789,-0.04704152961144139
261164,1619.3387222854428,-423.32598081640833,2.262652000829597,0.2614190440768007
265045,2438.942685234466,-153.0875675881548,1.5022903253045343,0.06276800537993694
266146,2267.651543570462,134.91346495309978,1.6157685295117963,-0.05949479554547251
270487,1878.605329355052,-141.37077496156718,1.9503830542511533,0.075253046902673
270771,2754.7511826932623,81.31788529168563,1.330065678170536,-0.029519139805644024
270891,2389.4270488187976,-257.0442252923305,1.533421998303435,0.10757567401750104
270908,2270.367124888838,91.7849505152771,1.6138359121894865,-0.040427360627753574
272922,2332.3236649619844,-170.30471389132094,1.5709654946453246,0.07301933108589233
276448,1527.4114163706342,-43.41034042368517,2.3988297853018743,0.028420856331449227
278211,2217.8050336801275,-318.587375181414,1.6520839047425735,0.14364985665704086
278989,2533.6854228124394,0.12783808715175837,1.4461148045493706,-5.045539039722447e-05
280442,2340.1307379272334,264.94370268647816,1.5657244873614973,-0.11321747900339602
281349,1548.9196357731964,-116.73649847280893,2.365519756724492,0.07536640105575
282221,2207.1396009508017,-93.29458207553978,1.660067174011832,0.04226945229714963
282819,2193.442365179268,20.210024760346187,1.6704336791181402,-0.00921383897802778
283185,2449.999629900469,-218.80429483280565,1.4955104299949833,0.08930788893290346
283539,1732.1025269069753,-657.2612603437367,2.1153482216452995,0.37945863488659165
285729,1793.456108971867,296.64568974987645,2.042982809376059,-0.16540448816443815
286975,1882.6028292197723,-292.45322417259706,1.9462416305400496,0.15534515280304856
287366,2752.733781522328,-31.249576512531576,1.331040445899465,0.011352197122109572
288606,1978.2510696944453,-288.7242080557592,1.8521410432326624,0.1459492237759056
293094,2111.891524828284,367.9508299437411,1.7349375935858808,-0.17422809155581928
293109,1917.2689113459016,205.52163780839584,1.911051693540429,-0.10719499836051788
297044,2865.9448699606232,154.8343123721017,1.278461438112151,-0.054025572506643874
297454,2108.8449790485897,24.844541821472603,1.737443973550404,-0.011781113390649167
297546,1861.1055992235147,193.7610525973634,1.9687222485003988,-0.10411072465646434
297890,1574.0369171446164,460.05360436973587,2.3277725954780553,-0.29227624800839913
299148,2015.658066147931,-144.61368867193113,1.8177686292805455,0.07174514919005999
299405,1544.2272453434462,-60.13862085292374,2.3727077805735144,0.03894415218632444
299789,2256.5597150817184,-34.398931490366124,1.623710631503192,0.015243971280910866
300632,2443.1109567757912,-68.29525213327219,1.4997272186259742,0.027954216301089498
307150,2207.8576825676223,109.73324803288818,1.6595272552798606,-0.04970123251117988
307762,2012.3499170373566,296.3291859426931,1.8207569016596543,-0.1472552976169065
311543,1878.3618578743765,-82.22575349601595,1.9506358610509251,0.04377524658058466
311799,2228.640783328038,4.373469726529493,1.644051400032505,-0.001962393293368065
311823,1739.0894873219008,256.5544796212599,2.1068496053313233,-0.14752229916376483
314345,2400.691637101993,318.10595312554784,1.5262268353727495,-0.13250596128603634
315871,2363.8519270001225,244.7583860813906,1.5500124851939638,-0.10354218184554582
318025,2123.0291479322914,271.76077722661586,1.7258359375652124,-0.12800614513055333
318651,1979.6955404998046,89.5784796195091,1.850789641661246,-0.045248614136340196
323162,2468.27315052265,-52.55704740595587,1.4844386243168257,0.021293043435985624
328777,2332.086092093202,228.1556351431637,1.5711255310953454,-0.09783328150564925
329980,1966.0723140933349,252.802222278668,1.8636140561745684,-0.12858236213719798
331504,1975.382985217602,190.0042774025605,1.85483019111678,-0.09618604535141838
332296,2337.2230686238845,233.55907105103194,1.567672358358716,-0.09993015822342853
332354,2085.1381489833097,243.53609811844245,1.7571977193868549,-0.11679614525166496
334885,2993.167857835312,-34.886083945145344,1.2241211231801212,0.011655238062851342
336112,2254.6643297133924,232.55493922210172,1.625075605141524,-0.10314392974481641
336265,1931.3351743604107,158.9406445361804,1.8971331587814042,-0.08229573335908194
336356,1826.1692919800694,-141.4104436098812,2.0063857256230704,0.0774355610024268
337134,1843.8809222864634,240.36679294483048,1.9871131349721536,-0.1303591734366279
338086,2351.284769839525,168.92511835667818,1.5582969987297914,-0.07184375134969608
339395,2465.161678450385,166.30999996951408,1.486312249630301,-0.06746413487737547
340141,2379.738104351283,199.6282712685266,1.5396652233707908,-0.08388665580616288
342807,1811.8429098375798,252.1701807614898,2.0222503728694967,-0.13917883244309256
343228,2396.9462784175607,10.994820976931692,1.5286116476581757,-0.004587011847503883
343686,1754.8718548246322,12.515277206430369,2.0879017404756035,-0.007131732822554753
343982,1691.2183508088178,-201.43520480506925,2.166485479682566,0.11910656285673209
345589,2195.5811040113394,-292.86327875361997,1.668806491960534,0.13338759302425998
346306,1865.302679100798,76.62505524546833,1.9642924663391872,-0.041079153589382494
346508,2429.135344164,78.37690866521558,1.5083556413613444,-0.032265352712238196
347327,1949.9904418720325,-62.17260444222228,1.8789835690078982,0.03188354317395282
347600,1555.2452491322974,-232.91954953084482,2.3558985324303157,0.14976387142850642
347767,2130.426093672843,271.9975722454306,1.719843749042373,-0.12767285054066732
349223,1807.7780907323142,320.22353023696127,2.026797436468404,-0.17713652570445837
351550,2925.8539076686416,75.19359878240772,1.2522839880681271,-0.02569971063330464
351676,2511.4548499344414,-116.09120232738286,1.4589153374967678,0.046224682211752
353638,2166.740234173186,249.47576046230046,1.6910195058052997,-0.11513874922689973
354138,2059.3348063134395,140.37166180173523,1.7792153023233677,-0.0681635940748384
354383,2137.3707049750747,-13.45414802082098,1.7142557402286134,0.006294719015987392
354743,3146.894286924655,198.79514641330223,1.1643225561226886,-0.06317185398927953
355044,2690.4828109811583,1.9485647092588465,1.361837356866005,-0.0007242435080074899
360293,3529.7407836293146,-64.70669456117298,1.0380365654592456,0.018331854526337458
361518,1670.3230199008103,19.65561684019559,2.193587681152584,-0.011767554302977164
361677,3023.298166628343,77.80146561475675,1.2119214837768328,-0.02573397042790618
362129,1734.6154891357453,185.505747864552,2.112283686470222,-0.10694344021854571
364846,1994.0347897766924,26.243195080194255,1.83748047866824,-0.013160851162046763
367478,2111.4202312689436,-34.63928769774623,1.7353248518405882,0.01640568143885234
372820,2179.503226949778,-46.19413116479245,1.68111703377828,0.0211947982428277
374776,2508.5347193488146,239.691467478206,1.4606136290396372,-0.09555038869082387
374962,2515.396571248184,356.84674867337975,1.4566291621292378,-0.1418650056027969
375152,1766.9370754456857,51.432543371834356,2.0736448688054194,-0.029108305036194458
375748,2099.3025874000505,-118.1865093649796,1.7453415348464845,0.05629798680491864
379606,2944.4903397432163,24.292488807686993,1.2443579625802172,-0.008250150621925795
379667,1307.0043433752107,217.75757654796172,2.803357172125441,-0.16660815065512644
380640,2397.4099220692497,-74.48613272846177,1.528316024002075,0.03106941872676133
383359,1676.7124094430856,-171.42432438686023,2.1852286530264218,0.10223835848140365
385410,2021.300815393915,74.16638027222615,1.8126940691338675,-0.036692401104964904
386502,2024.3241273508859,542.1551299419775,1.809986824982846,-0.2678203172193892
386915,1716.0859672245813,-448.4296440203507,2.1350911725743975,0.2613095454335508
390019,1771.0952222738947,549.6486302962871,2.068776401133204,-0.31034391792362115
390402,1957.9947882174486,390.2300549805464,1.8713022230951353,-0.19930086501190866
392033,1898.6770062727976,280.8728073509906,1.9297647719411866,-0.1479307994056128
392373,1755.7110806848327,-6.144334967543273,2.0869037282437266,0.0034996276068079567
393002,1822.6792063473074,296.3638041225499,2.010227574463168,-0.16259789604802152
394957,2142.6960939787173,212.85639089386467,1.7099951833096465,-0.0993404484621135
396325,2101.348651166776,-59.53598587101038,1.7436421119196759,0.028332274055499054
397291,2374.128270879382,272.4259529656884,1.5433033020759435,-0.11474778187312569
397796,1884.212219838303,-59.54027455334739,1.944579257804852,0.03159955865186828
398208,2538.2764844115713,91.22771086228994,1.4434991705993747,-0.03594080921544626
398346,3676.3808039519126,195.08592223052227,0.9966323390823377,-0.05306466675617916
398494,1649.4265263808124,-110.29989026017347,2.221378122273554,0.06687166023829783
398754,2092.5456317664043,147.35814945781868,1.750977347579783,-0.07042051901799033
399766,2945.9436677097774,228.75271905969936,1.2437440811108418,-0.07765006560275992
399830,2143.730942863908,184.87264302347813,1.7091697128302377,-0.08623873422123504
400033,2636.271058013322,70.02046250365805,1.3898419090338792,-0.026560418470938662
401805,1655.0309695450474,-412.67742883789015,2.2138558537108217,0.2493472547835956
401872,2343.0130097174115,-328.3729764380761,1.5637984018031175,0.14014987329399456
402746,2197.4427183250705,128.7073864468187,1.6673927240263926,-0.058571440963394825
404849,1797.3275277449695,158.41154326522843,2.038582252505232,-0.08813727093134809
408607,1864.957376939549,-21.635660759852158,1.9646561606746926,0.011601155622846955
409903,2130.7842605083906,112.50257161523137,1.7195546578356058,-0.052798668405964776
412191,1936.1219594775234,-311.9248623441385,1.8924427679074292,0.16110806492185734
413374,1773.94756517733,110.00150460921822,2.065450000848099,-0.062009445357096606
414874,2362.487887592753,81.2559762153956,1.5509074223163182,-0.034394240343890624
416441,1795.4754824398565,242.12443076840697,2.040685064115173,-0.13485254080962783
420576,2070.8084966024235,75.47979949616177,1.7693572370460748,-0.036449434904290534
420680,2290.3397271351505,294.3005003631486,1.599762671271078,-0.1284964395789753
424663,2348.8054234740457,138.43888221299898,1.5599419021183503,-0.058940123702642976
425495,2218.108546586434,102.08012926382577,1.6518578433137214,-0.04602125059250249
426274,2101.692816546227,218.4954121954351,1.7433565795886186,-0.10396163058429014
426398,2177.948777880436,335.1044622745482,1.682316883304197,-0.15386241663620273
427711,2245.060230284386,157.44072002988577,1.6320274844189255,-0.07012761524439924
428029,2379.3662895153298,132.9298418276574,1.539905821203488,-0.05586775033899251
428229,2385.189674326942,-187.88055207975785,1.5361461771521023,0.0787696484275509
430659,2213.972674354361,414.35749762711515,1.6549436415553305,-0.18715565120872601
432613,1764.554113435478,260.356154720658,2.0764452459133813,-0.14754784380840588
434948,1592.8966722019188,195.30628648156545,2.3002119747887475,-0.12261076935491773
435481,2894.266276299942,55.164948748824145,1.2659512464361409,-0.01906008068454142
436586,1811.751200399775,-744.4526605554081,2.0223527376118278,0.41090225875999953
438340,1924.0260750454236,193.71843435140516,1.904340095761695,-0.10068389241909403
438493,1899.2305470933732,-32.76921670530447,1.9292023317587594,0.017253943580180536
441181,2311.6402043443804,186.21523246740043,1.5850217491087335,-0.08055545673476212
442758,1711.2430634561385,-59.17584939914252,2.1411335877674476,0.03458062192499241
444271,1928.7056708536484,-141.67552021187686,1.8997196178607736,0.07345626777214329
445686,2806.0962912076525,297.8596843775643,1.3057285352182741,-0.1061473497224057
445739,1759.966400841585,-456.73827317086443,2.0818579253830864,0.2595153367430538
445742,1773.1178288179597,220.14345401779525,2.066416535015379,-0.12415613358563587
450045,1977.4783222560916,-173.9712504046285,1.8528648121005784,0.08797631227944178
450527,1657.6566273119859,-325.95071609552,2.210349199967577,0.19663343464808722
450842,2418.0643551525714,-13.370245809387825,1.5152615736601496,0.005529317605173585
451679,1867.1624963992172,-43.95530999514068,1.962335901168723,0.023541234402419474
453063,1749.619441650452,-181.20213697933485,2.0941696878629066,0.10356660006498507
456266,2423.6611204882965,109.88030509558297,1.5117625022023753,-0.04533649699073661
458117,2174.3375639179512,53.82540008131906,1.685110932544355,-0.024754849925110418
458244,1617.8471611825726,273.2143014486085,2.2647380345383077,-0.168875223818362
460696,1960.1598521588623,-391.79588079243666,1.8692353054596942,0.19987955592546405
461057,2092.9401350513585,-244.3787990746382,1.750647301677403,0.1167633966122215
463320,2603.127723877759,184.30937363131994,1.4075375427763908,-0.07080304663528487
468155,1916.8822862778782,-499.64964573348755,1.9114371426085854,0.2606574484569349
468288,2238.8174888576405,71.23284669806588,1.6365782464338174,-0.03181717449170568
469827,1859.8116675418264,17.10662309541118,1.9700919528281204,-0.009198040529566931
470293,3710.3758599393186,143.73495043784436,0.9875010344800818,-0.03873864963109022
474932,2567.615064845728,287.35547746340484,1.4270051808642692,-0.11191532617085274
475080,1958.7356333396206,-362.3988063489089,1.8705944475788825,0.18501670168271936
475352,2106.3989538558244,-93.14468213522508,1.7394615551308272,0.044219867259581117
476023,2016.326874121199,-364.99664844552746,1.8171656823236695,0.18102057415894363
478320,1733.772669960578,55.48257791597075,2.1133105068978337,-0.03200106846604768
480065,2635.026560115277,155.50799706027846,1.3904983181041286,-0.05901572280678465
481263,2237.955560593924,59.337270593003836,1.63720855968544,-0.026514052217040673
482898,2621.7354979859088,177.92606107790203,1.3975475416245415,-0.06786575579977075
483419,2456.611883711815,59.820350993165846,1.491485091435723,-0.024350753731102345
484259,2230.9197822781066,368.40297194136286,1.6423719172271187,-0.16513501510357656
484792,2171.8663987160485,318.540912830115,1.687028263877586,-0.14666690042188055
485820,1945.3337435433125,64.54232145194334,1.883481439707223,-0.033178019795401914
486172,2357.9746605146424,319.51183753807226,1.5538759009396266,-0.13550265950200535
486710,1792.8098857514824,-301.334979122651,2.043719208110112,0.16807971749683992
487034,1476.345101772968,294.81984433402994,2.4818045561297555,-0.19969575133888123
488455,2046.186285450578,138.28455827841248,1.7906483031642317,-0.0675816074331481
489132,2175.6545277003097,190.46414728904205,1.6840909038407341,-0.08754337826344365
489748,1762.982121592933,292.25466666062897,2.078296742277461,-0.1657729043766841
490313,2310.2457315617403,108.95042161610087,1.5859784740401246,-0.04715966796417354
492223,1746.3599883948855,237.9881493871698,2.098078302496873,-0.1362766846289862
493565,1750.5826069988632,-178.65085356604817,2.093017481923593,0.10205222698534681
493861,2491.0654022380704,115.88873973569406,1.4708566048519318,-0.046521757169271864
494457,2749.60997621963,13.834058071304582,1.3325526280776527,-0.005031280141892954
500176,2120.9442558654487,-133.38148193088034,1.727532437435471,0.06288778291179284
500720,2283.6531735488797,-331.5369252399579,1.6044467883474667,0.1451783173907873
501502,1886.3693056306665,509.60449384921793,1.9423556082381341,-0.2701509679616223
501683,3153.7456123454645,165.14762449504047,1.1617931343787287,-0.0523655502994799
502417,2094.38644814425,462.9510325908282,1.7494383633194914,-0.22104374911374647
504803,3039.1186912112807,-83.857435624674,1.205612670079583,0.027592682005865166
508336,1964.0989821226185,130.74837342667655,1.8654864308520154,-0.0665691365948246
509581,2602.481719635257,246.59256687748558,1.407886930523192,-0.09475285263945908
509909,1709.6663119919292,401.601410354435,2.143108262881474,-0.2349004642236472
510285,1335.9357386980896,201.67947075933927,2.742646890763384,-0.15096494907448327
512257,1923.788172899834,201.20849694521684,1.904575592892354,-0.10458973590731871
513032,1795.8128475567553,81.22611591176684,2.0403016967970555,-0.045230835731171454
515424,1940.3489200983727,329.7471845964779,1.888320168629383,-0.1699422104864316
518374,2253.6995737967572,-73.74409498251799,1.6257712618844495,0.03272135107976391
519274,1942.988660592412,206.02026207384546,1.885754700638786,-0.10603266310933097
522401,1822.3155434512255,309.87373673964277,2.010628737249789,-0.1700439519671674
530101,2078.791171148092,280.63572584511036,1.76256280614104,-0.1349994793801816
530827,2035.4516059597606,248.29799742464064,1.8000919251884364,-0.12198668673705097
531114,1875.2048531393232,180.55960399851102,1.9539198578043429,-0.09628793552674103
535327,2569.7350134191142,309.5332906649417,1.4258279475769493,-0.120453388792449
535876,1952.997183436115,232.72741325238593,1.8760907752839338,-0.11916423394063679
535936,1962.8079502467922,198.51522120015937,1.8667134497490239,-0.1011383824765939
536440,2404.40340821494,24.21342368692916,1.5238707396111206,-0.01007044974408247
539577,1949.8013076706377,190.06743337706843,1.8791658337624453,-0.09748041127541125
545776,2253.822560826387,298.0521205099289,1.6256825464807474,-0.13224293947995847
546855,2894.9097179664423,204.98416134032578,1.2656698677891112,-0.07080848154543448
550180,2485.3302458354287,318.2570547436807,1.4742507584815427,-0.1280542315360189
550697,1852.4080747842372,177.84797555440565,1.977965897404529,-0.09600906947845217
552571,2267.8728057009403,107.03436224647356,1.6156108891069636,-0.047195928262560576
553073,2630.4204202425735,149.36511820121603,1.3929332253519044,-0.056783743409139824
554167,2508.3329541062203,152.4229171188412,1.46073111785336,-0.06076662066306631
555782,1534.926122712654,354.7531883892611,2.3870855709489542,-0.23112069248147957
556468,1934.9129853461422,163.1837281165587,1.893625205758044,-0.0843364685401428
562083,2003.385223083481,-170.63462627067867,1.8289043753455505,0.08517314808184963
562172,2774.4298151840235,148.56196730909693,1.3206317132073397,-0.05354684645329298
564616,3002.25028100503,-234.4078213822819,1.2204179055896176,0.07807737511604522
565148,2222.200811766789,3.243214950655215,1.648815885854569,-0.0014594607892689303
566655,2107.788714167362,351.36112770270853,1.738314649553187,-0.16669655992607704
566798,2278.797212684064,161.87230993360043,1.607865754620783,-0.07103410037216096
566977,1609.4812288499547,41.355210938197956,2.2765099302326686,-0.025694745733535567
572461,2576.8042422993085,-139.9909060873079,1.4219163178381669,0.05432733452906481
572598,2131.0050318238245,162.96047685734123,1.7193765126233227,-0.07647118351375792
572685,2289.6421247321723,-87.20617594658512,1.6002500829375645,0.03808725171702802
573129,2060.843772273563,-247.16534749982515,1.7779125469359591,0.11993405362656263
573601,2075.7134825046533,184.27054143531637,1.7651761820127727,-0.08877455534612942
575039,2345.4487659335946,166.93524232770716,1.562174392047128,-0.07117411591007804
575633,2139.3466744641014,-309.392750049759,1.7126723984170629,0.14462020286041802
581780,1752.589590371732,170.99569162497693,2.090620656501132,-0.09756744680236745
583273,1759.1385795649855,359.39804136138576,2.082837613001509,-0.2043034275618358
584197,1583.0711799428714,-392.0653619394066,2.314488474316249,0.24766123400310727
585855,1718.2168512432602,91.25987607956,2.132443292794398,-0.053113130635127084
587371,2159.112521818312,118.97963173160718,1.6969935392317286,-0.05510580413447264
587888,2327.692088553453,358.979925017089,1.5740913577091709,-0.15422139671410642
588255,1993.054675728854,-127.42193002267868,1.8383840868089012,0.063932982659435
594908,3007.1680399397123,61.318383963734846,1.218422100573221,-0.02039074077315751
595693,2151.394082931396,186.28921535653927,1.7030817501401663,-0.08659000079739444
595846,2414.027646799498,237.01847832719426,1.5177953760627834,-0.09818382927031999
604277,2121.0993268959137,139.7535285374965,1.7274061396087554,-0.06588730983287633
604360,2016.3605409800466,-182.11656592805144,1.8171353413904454,0.09031944546957568
608607,2879.9707610269875,199.6188865686483,1.2722351384891943,-0.06931281708480433
609666,2358.2895685698804,251.79019602101977,1.5536684081683538,-0.10676814220643438
610491,2306.009335095126,163.06805131610298,1.5888920934697148,-0.07071439340438584
612854,2204.077782054351,68.44331117165314,1.6623732745878423,-0.03105303802294096
613653,2056.6443900303166,-79.00833750986885,1.7815427974624187,0.038416139364133926
614432,1871.2458313983973,-82.85940166998,1.9580537941729776,0.04428034001714168
614769,1752.0486635801722,96.33582387741382,2.0912661138720354,-0.05498467358809499
615598,1697.126080462168,434.0529289023229,2.158943900621812,-0.2557576210154757
617690,2043.6071553769602,176.7772643555183,1.7929081870552293,-0.086502566743514
617821,1681.3261892893556,-262.4742565727672,2.1792320986498517,0.15611144241065258
618747,2092.009815565633,-14.93703999572898,1.7514258168092467,0.00714004297904804
620525,2760.7521355010826,48.60690420701127,1.3271745597454643,-0.017606399206203643
623069,2493.6600685737603,393.84016159015897,1.469326170866429,-0.15793658748981548
623454,2515.9845465426665,-255.89019511786154,1.456288753853785,0.10170578967565297
624029,2228.1011494871977,-216.5112081114306,1.64444958023709,0.09717297087758386
625621,2749.8367059943116,159.25007753593655,1.332442756332739,-0.05791255793072753
626575,2314.150419408003,73.42814480073167,1.5833024375905997,-0.031730065679790934
626705,2094.229313117541,230.96115133605218,1.7495696278578228,-0.11028455665737748
626864,2095.9549527085287,-354.8632047381874,1.7481291738952414,0.1693086028779436
629200,1820.6008292707666,-220.47758355443253,2.0125224272624322,0.12110155065827573
630136,2333.939189097734,41.9445446434799,1.5698780915609234,-0.017971567056849942
633617,2918.2850121572815,-21.46467316756997,1.2555319253383905,0.007355235379049785
634371,1685.8299878795322,241.55318517841914,2.173410145947544,-0.143284427798232
635380,1854.3559059549184,265.23315328033885,1.9758882252504748,-0.14303249577311022
635836,2989.4583000415982,211.27569741998474,1.2256401100992163,-0.07067357233818744
636788,3181.4012825571185,25.509981846222274,1.15169375837272,-0.008018473490309933
636894,1961.1178873554504,39.69077406504874,1.8683221562681633,-0.020238851688090708
637522,2504.062306896948,87.96136555881202,1.4632223766590118,-0.035127466803257935
639533,2832.917377175246,-51.76647110817811,1.293366347187097,0.01827320186789048
644474,3336.518965487083,-19.745333956043908,1.09815050892873,0.005917944468558229
645572,1806.679154141146,-264.7313936256204,2.0280302629283296,0.1465292788809907
645923,2530.338440699737,-188.99069934680588,1.4480276397282101,0.07468988982143535
647303,2211.100647965795,134.22927698591417,1.6570932686265853,-0.06070699545468663
648266,1837.0181549044682,-63.057556541171834,1.9945366300370295,0.03432603884334015
649766,1564.0167641042829,176.83181581308537,2.342685886809138,-0.1130626089640142
650175,1938.5516573018401,-100.07637794375091,1.8900708609951171,0.05162430289995033
650192,2287.3696322501196,45.104379896162925,1.601839924925325,-0.019718885509463144
651281,2823.671015321523,244.2099588049635,1.297601590312316,-0.08648668966032363
651825,1396.7919232309014,81.52508804666519,2.623153770480609,-0.058365950354359555
655441,2575.768323410815,246.75724381601532,1.4224881821468152,-0.09579947139394161
657313,1578.8558480168165,119.2285318455302,2.320667846024265,-0.0755157806175224
663324,2563.831162812037,205.92107269346667,1.4291112664303864,-0.08031771970023575
664432,2674.8113297707114,-62.467047840719374,1.3698162405772685,0.02335381458327909
665844,2322.227895595759,-267.35085152342754,1.5777951883830998,0.11512687967898158
666178,1755.1310416949802,130.1686592143214,2.0875934120916524,-0.07416463849252748
667022,1742.128213241525,80.74990082484459,2.1031747101911096,-0.04635129619684863
671184,2004.7408137284922,-13.13087217879945,1.8276676839763417,0.006549910137449719
671313,2466.6545763622903,168.67002451741,1.4854126861181756,-0.06838007483243028
672602,1805.3717918223715,-189.09183278109052,2.029498863667023,0.10473844425707912
675356,2204.0806526840634,-379.096515369641,1.6623711094864386,0.17199756955717052
675415,2018.714116014077,259.39311065523833,1.8150167826807082,-0.12849422738837654
676000,1821.6911744061772,-514.9179173166384,2.011317863026024,0.28265928086547815
676552,2152.4650096100377,304.88325636354585,1.7022344073615427,-0.1416437688893171
678613,2666.2254854661187,54.2396984411684,1.3742273562280674,-0.020343252563158973
682403,2163.923299134008,-45.98334510452827,1.6932208278668266,0.02124998844595397
683257,2532.134814046022,82.3728379316189,1.4470003649392604,-0.03253098431990587
687889,1933.1762715411764,167.87999016720715,1.8953263879444204,-0.08684153257962815
689501,2220.149056179209,303.4767014495073,1.6503396426479595,-0.13669203903443267
691192,2252.4275339318683,66.63007057031092,1.6266894027902739,-0.029581449154992594
692169,2168.7749536978013,-120.70471614848287,1.689433010904526,0.05565571289113198
692216,2796.0307221802327,-106.76261541333304,1.3104290918316375,0.03818363459543243
692830,2135.381496526485,269.3651136936756,1.7158526501985898,-0.12614378935653323
692871,2217.8922807330105,-21.829746323128063,1.6520189153591593,0.00984256382186125
695187,1975.2629856855754,251.1423094725415,1.8549428742159602,-0.12714373290672223
695947,1908.1393918733006,-151.34335488415462,1.9201951469608818,0.07931462215429372
698370,2667.735271713761,-227.168957774187,1.37344962180083,0.08515423557310205
702229,1968.38159768855,115.36213582615693,1.861427684704326,-0.058607607367202316
702372,2540.801862117054,5.0315999401966,1.4420644343148707,-0.0019803196838041343
702886,1745.8704740991645,144.1188174116158,2.098666570262352,-0.08254840181427452
709368,2059.9566792833934,90.4695776236212,1.7786781813657424,-0.043918194267606285
711679,1448.6330219437261,73.8044290993825,2.52928101492797,-0.05094763682823843
715173,2003.1520979236216,453.2259517142907,1.8291172217017069,-0.2262563847169092
715266,2445.5472661412846,-58.69059609902638,1.4982331565323843,0.02399896207756865
716253,1781.067448849131,59.772699755790654,2.057193287299456,-0.03356004276784345
717726,1593.2016860456017,-302.26664067136437,2.2997716058750934,0.18972277227599713
717950,1600.7832359550748,-284.0263810361414,2.288879542028655,0.1774296323553656
717987,2403.1544097776996,143.1821285166448,1.524662745386774,-0.05958091079544475
721124,2837.1808243507135,300.3740804942923,1.29142279848818,-0.10587061561824586
721469,2060.0550026553906,-210.62510446171504,1.778593287692387,0.10224246643425605
722260,1688.793062862261,319.315064517871,2.169596785168011,-0.18907885846989328
726347,1860.6341767418262,-639.8211563786496,1.9692210568850586,0.3438726238486312
726566,1901.4744831241635,259.045513767518,1.9269256740064,-0.13623402052805916
727873,2660.0052339612,77.2170405535798,1.3774408986946547,-0.029028905495268712
729823,2033.1875569195515,70.01613498975786,1.8020964113862987,-0.034436633625595334
730418,2447.673312890838,-71.76817688486739,1.4969317926143553,0.029320978623615903
730443,1645.5101843679795,171.76232467873484,2.226665039698492,-0.10438241361885382
731833,1849.552339335704,-103.29630206766342,1.9810199052360875,0.05584935331149587
733193,2255.7375573843583,-48.47628928632969,1.6243024318168435,0.02149021685950931
734321,1589.4239442562632,-401.8807825285473,2.305237701521157,0.25284681533887343
734819,2392.939113120791,-35.130282113894,1.5311714284370297,0.014680809019030268
734982,1815.3622083284258,84.54748080303142,2.0183299967303983,-0.0465733396978018
740897,1764.376316431256,202.72243399791017,2.0766544902456228,-0.11489750350307917
743664,2205.4186742801858,-165.1819179557453,1.6613625533917602,0.07489821315204837
743962,2337.8658928164505,70.82042956225126,1.5672413080914331,-0.030292768195070926
745652,2169.536960161215,-192.92218670629364,1.6888396313505225,0.08892320815403756
745775,2684.4182135312194,160.31674267053057,1.3649139994398225,-0.05972122445840577
746032,2278.655987612941,-23.841598371347857,1.6079654058874893,0.010463009116318466
746658,2213.9681489650516,-190.07532879383976,1.6549470242888475,0.08585278378222964
747497,2205.3375044259815,77.430458975602,1.6614237016540867,-0.03511048028712324
752133,1928.130321721753,142.7564010063433,1.9002864893116644,-0.07403877186001973
752163,2570.3949712724857,175.85906701223695,1.4254618612897925,-0.06841713782422205
752475,2448.2484287466036,156.17361977615354,1.496580149701478,-0.0637899397554633
753690,2612.4672252239357,68.9224477811564,1.4025056332279648,-0.026382129167284957
754157,2286.813528880551,-81.97629902950769,1.6022294575953528,0.03584739113802471
754492,2376.8316773421698,143.09375270616596,1.5415479501254261,-0.06020357018557445
756327,2945.0673958629077,3.784707609062764,1.2441141432440612,-0.001285100508864192
758159,1907.037049945467,-542.7970159315998,1.9213050947829118,0.2846284585541332
759477,2933.2102923539705,-1.2150972569232295,1.2491433053917023,0.0004142550774796597
759881,2228.697264875898,16.46032915772173,1.6440097350790372,-0.007385628105322013
760885,2634.4833820721174,188.6264284159767,1.3907850111842917,-0.07159902002024213
761392,2011.3465098596096,-483.0213398463527,1.8216652287604806,0.24014824769306767
763172,2403.937980622449,161.47474985272737,1.5241657769603876,-0.06717093001330962
765754,1823.5430205865907,-20.444735420646282,2.009275327555134,0.011211545430976284
767011,2580.4228005199284,-278.3757719116668,1.419922347322982,0.10787990706622844
767920,1837.1272446415555,-295.25005540425366,1.9944181932345617,0.16071290449010803
768063,2674.526540475684,217.34268198567423,1.3699621015345507,-0.08126398399733892
770951,1869.6750895438117,-494.1234809583226,1.9596987842919764,0.2642830744880307
772029,2091.647380053152,368.0094706292717,1.751729299566207,-0.1759424050816443
774525,1709.7273437381446,179.68157469283182,2.1430317608356413,-0.1050937012564684
776841,2094.117765007433,15.860467536984515,1.749662822800701,-0.007573818341075112
779264,1981.044188431794,84.50562190814054,1.849529667937616,-0.0426571110334675
779483,2057.7271385996387,-244.9077543405616,1.7806053734089793,0.11901857624681503
779660,2440.6076424280723,148.7162056026346,1.5012654784424173,-0.060934089944372306
784384,2006.1353336600657,95.58014781064395,1.826397221824146,-0.04764391823769141
785823,1554.477866770802,-108.40953487581726,2.3570615435081224,0.06974015982679899
788525,2059.238853014189,-236.40148083533524,1.7792982075084973,0.11480041787736527
790720,1878.8126521138029,229.16658259732634,1.9501678338591821,-0.12197415337793102
791776,2220.3064881100754,183.5686346116966,1.6502226244984748,-0.08267715993027171
792576,2376.75247579573,84.3596255087329,1.5415993197917268,-0.035493652102114484
793803,2823.468195888526,-252.79522491520584,1.297694801498185,0.08953358330131744
794547,2773.907242533488,67.4752546366123,1.3208805052376464,-0.02432498592670505
795523,2310.26133833559,565.5797506062956,1.5859677600975224,-0.2448120224414798
795576,2548.41884796139,106.43463240986051,1.437754238449076,-0.04176496830377903
796807,2492.6994845824997,118.22105281152159,1.4698923888186548,-0.04742691750157855
798504,1555.0837561952642,169.94093895233624,2.3561431886887574,-0.10928089131875518
798855,1781.8989575444423,1.4439268315832692,2.056233314738115,-0.0008103303643956794
799884,1937.8667031605141,203.96898909298608,1.890738921322242,-0.1052543958572218
803117,2822.418418154246,292.7432959911038,1.2981774695178316,-0.10372072904149583
804921,2624.6892068730094,-246.87042754597337,1.3959748035712007,0.09405701326447286
805851,2384.465168656802,100.15471840101458,1.5366129261028274,-0.04200301170993114
808749,1534.1169541634813,-138.40997250272125,2.3883446369953556,0.09022126515653626
809718,2521.09869153118,-125.71877907456661,1.4533346164940029,0.04986666309291199
810199,2116.375875768329,311.5813250820374,1.731261465390604,-0.14722400148741108
810506,2060.5270849586063,-156.00790806690287,1.7781857985495035,0.07571262188482074
810643,2152.302378641179,-1.4359400787994332,1.7023630305669255,0.0006671646572755221
812062,2205.297700942286,-300.83067200452956,1.6614536887398175,0.13641272644323246
813434,1703.4838972638106,-148.6626167679185,2.1508861961567303,0.08726975171688155
815231,1731.487065277397,251.23539085104125,2.1161001277321123,-0.14509804658043546
817037,2623.1681725986673,-115.6788861195646,1.3967842543508076,0.04409892104056987
817302,3274.5494467489266,24.094834937246333,1.118932561436118,-0.007358213802869407
822123,1558.7221748404233,269.8810199847898,2.350643404669025,-0.17314247807658176
823061,2413.1165474146314,-88.87094464520317,1.5183684368355694,0.036828285289584484
825822,3358.8494486914788,94.60728565588357,1.0908497257676733,-0.028166575221982675
826318,2420.9336668295546,-28.905415557410606,1.5134656724396585,0.011939780074711848
826794,2292.6843765984295,494.5446226632444,1.5981266490052768,-0.21570549688875268
829516,2044.9867123115725,199.19446282508744,1.791698683390641,-0.09740623820480762
829814,2000.4281583236261,219.2408771322767,1.831607890917942,-0.10959697613734962
831061,1666.303797232985,491.11705853995915,2.19887874353064,-0.2947344051879937
831751,2329.8799205238042,4.230738730182736,1.5726132354393005,-0.001815861278048862
832462,3568.6302321955714,145.00922059579835,1.026724474546009,-0.04063442025669961
833934,2354.20880534336,158.20826028486232,1.5563615222591132,-0.0672023058981753
834741,2043.813883432449,150.42282735745624,1.7927268376543937,-0.07359908286014338
835981,2122.3059459236847,-154.4810857403442,1.726424037513276,0.07278926303582958
840268,1989.9973446511851,-147.95692993385921,1.841208486960188,0.07435031525622146
841421,2428.0188868912765,-301.7737201958912,1.5090492169487268,0.12428804480276032
843013,1550.6777283441666,92.57407828227468,2.362837830857651,-0.05969910871237344
843446,2460.653240346148,141.06765716817728,1.4890354885943107,-0.057329352569943114
843467,2259.746318889046,9.745749639922735,1.6214209397634174,-0.00431276270192754
846640,1630.8471938594498,481.4106564075392,2.2466850443106394,-0.29519053545922114
847252,2461.6759916348237,18.05681856602132,1.4884168397672437,-0.007335172714598238
847997,1567.0742838552624,-90.32929482868383,2.338115070707403,0.05764199933551254
850530,1890.9810000255927,228.3650596263904,1.9376186222655918,-0.12076539088615892
851152,2213.0311100172066,-237.83007583595068,1.655647759950158,0.10746802191773143
851944,2940.327859440343,33.18364923207167,1.2461195401173388,-0.011285696976114694
854982,1704.070519892324,130.19202681835412,2.150145758188176,-0.07640060977440102
855634,1655.6247216549275,203.4171642368596,2.213061904715667,-0.12286429501579808
856911,1699.5458091590804,30.309689218984886,2.1558701037972687,-0.017833993679747792
857650,2082.501060006063,76.16497626421364,1.7594228739501012,-0.036573799517774015
858184,2354.809105298368,41.32844455954461,1.5559647666368903,-0.017550656002881408
858706,1652.1238175008314,-216.92829056630904,2.217751454937884,0.13130268341174126
860016,1946.649993944573,62.893468683417495,1.8822079014705122,-0.032308565422166105
864752,1930.0549888163935,-57.74594220395346,1.8983915076155156,0.029919324857871625
864980,1747.8708854017434,369.27778123106674,2.09626467870242,-0.21127291741929166
865055,3507.9087248448036,24.382772238859957,1.044496960268572,-0.0069508000781687085
866550,2499.3052931517823,120.65868564342946,1.4660073781460543,-0.048276889571690226
866796,2496.4775039860365,107.15463318251005,1.4676679417899108,-0.042922330768621016
868694,2579.2234725302496,-73.90284941643722,1.420582605199995,0.028653139289220884
870295,2509.580454133276,304.1617449672995,1.4600049956419594,-0.12120023666360068
871483,1631.09715554463,169.50237393252308,2.246340745273739,-0.10391923826016701
872201,1460.636695137613,76.16994252660055,2.508495105043762,-0.052148451959454736
874217,1803.8632058088663,121.70200870118259,2.0311961506842944,-0.06746742674792264
876427,2080.3538462385322,-276.4530878511731,1.7612388424329077,0.13288753177783927
877302,2095.276141682683,-355.25515112459425,1.748695518986581,0.1695505160667245
879170,2279.728922277714,183.59309730043827,1.6072086309012732,-0.0805328631427843
882213,2099.4217048795545,24.127112437524204,1.7452425072504463,-0.01149226588514688
883855,2074.747043335107,191.51209416038597,1.7659984197930012,-0.09230623789805951
884237,2653.694946436767,273.5316439346395,1.380716349827554,-0.1030757677335605
889327,1509.4243437846972,-407.778312944653,2.4274154680803464,0.270154853818111
889421,2209.456281222257,355.4394169203002,1.6583265444714292,-0.16087189411309527
890396,2412.781255256043,317.0542289540653,1.5185794369126007,-0.13140612240060678
891263,1668.944297179069,399.9709093297384,2.195399814237702,-0.2396550382213407
892142,2776.594812188709,-5.675760140987222,1.3196019757422852,0.0020441441855584197
896005,2060.6681066875385,95.87200983431586,1.778064108484587,-0.046524721532390394
896580,1861.280255639823,208.4575136870339,1.9685375100809224,-0.1119968436002002
897492,1853.7283946365712,33.81597782887377,1.976557089269994,-0.018242142660550596
897723,1888.6932942406643,-37.72876484451797,1.9399655895284391,0.019976120505943
900239,2238.6085506789523,-235.72701170185087,1.6367309947461506,0.10530068404784602
900338,2260.43252126337,180.82823652842006,1.620928722947309,-0.07999718409083675
902032,1936.9288606331822,-180.17339257033228,1.891654399120388,0.09302013937230177
905807,3139.9536311133165,308.2383706702854,1.1668962126363869,-0.09816653584180317
906728,2203.7117705510714,285.0737384211333,1.6626493759135124,-0.12936071868865426
908604,1745.712351917119,-706.924079082273,2.0988566621392364,0.4049487753844086
912398,1446.7716276246715,-46.28631457556713,2.532535149321115,0.03199282712749946
913473,1972.1225563137,146.7511393973585,1.8578967053897324,-0.0744127888642308
914499,2314.7172655961335,-108.67759797078662,1.5829147060240947,0.04695070088518899
914858,1782.789661429674,-569.8677441974977,2.055205995003205,0.31964945530394384
915582,2594.578343745865,-468.83675685956433,1.4121755116132595,0.18069863181802853
918007,2401.1489504164892,18.407427401389157,1.5259361562573883,-0.007666091434351173
918043,1776.4715563747266,342.1087108699987,2.062515432263482,-0.19257764620118392
925102,1599.5938965874152,69.6027942693728,2.290581383072793,-0.043512790601329426
926383,1914.200045287335,263.2228050076205,1.9141155121276825,-0.13751060431518738
927117,2433.4766170332264,122.66874031427045,1.5056647655266835,-0.05040884282825864
927949,1860.139037525355,-197.24976384066574,1.9697452319878304,0.10604033347049042
930446,2098.0358943056385,74.14213351142308,1.7463952880618516,-0.03533882986113591
933687,1951.4719288976269,103.77006780295818,1.8775571125277566,-0.053175280805385285
940732,2014.6732864771704,-52.52242388743292,1.8186571612347227,0.026069946050296274
941468,2236.654623034169,251.74308144660853,1.63816083281984,-0.11255339955218588
941969,1712.4833016814048,34.21041956376371,2.1395829065325747,-0.01997708212989531
943218,1566.8370735484327,-32.74478606650649,2.3384690481583386,0.02089865412256874
947099,2069.161611642675,66.24821859167298,1.7707655020195392,-0.0320169377872227
947146,2476.5077324645863,338.29769495000886,1.4795027497667603,-0.13660272104756954
947498,2416.2899744060574,285.45007710058115,1.51637429232832,-0.11813568740678443
949570,1505.7531403382382,37.80579461546341,2.433333792800162,-0.025107564847562647
951576,3115.4937775946696,179.34404698404745,1.1760575567025549,-0.05756520788897573
952226,1797.337714371494,-496.5306269707481,2.038570698596426,0.2762589484438535
952682,2078.6262638821327,-44.98053498797282,1.7627026385960094,0.0216395490471506
953135,2139.4985513980073,-255.6938003928186,1.7125508206611504,0.11951108834625815
956159,2306.6530133179194,-52.171139754716876,1.5884487085162649,0.022617680012336678
957390,1980.4866475450774,-301.05207608738453,1.850050342193284,0.15200914202605467
959047,2094.067760050953,-141.3350229032181,1.7497046035945119,0.06749305137087785
964211,2627.7557400663245,278.4758209672793,1.3943457316575096,-0.10597477410904659
964424,3501.192652996778,192.77570859587985,1.046500539427292,-0.055060011745105546
965186,2546.5731110633283,222.78831172546387,1.4387963118286784,-0.08748553526996052
966257,1842.6249694042683,105.79816195201755,1.9884675725330005,-0.057417089048903275
966648,2516.515531036633,183.03772579084279,1.4559814770905393,-0.07273459016382215
970832,2366.29508344041,-2.3942270883678134,1.5484121256224845,0.0010118041089308238
971246,1893.1624739181623,-294.2761136957605,1.9353859219577936,0.15544155229673198
981888,1875.052935010937,101.37482368081777,1.9540781657871584,-0.05406504626506795
983479,1829.2576672717623,207.1645512490008,2.00299830119868,-0.11325061250555007
986662,2363.5573853594046,143.44724882112922,1.5502056445491585,-0.06069124858557919
986867,2549.4861477644295,232.82031746391073,1.4371523466455605,-0.09132048733352174
989187,1860.976464936428,323.2871229729265,1.9688588593328418,-0.1737190819250743
989326,2020.5012818226705,-24.422933959383215,1.8134113712092024,0.012087561724955488
989483,1750.6662306745682,-250.09974958244314,2.0929175052335274,0.14285975544640198
990953,1996.0900311872192,-287.0375801231666,1.8355885469859063,0.14379991665628658
991064,1675.7946389071903,-103.93499915683708,2.1864254216670287,0.06202132214995901
993768,1880.0012791564925,-359.2137973947479,1.9489348441528407,0.19107103882180218
995861,3295.0128561034467,251.81266030087903,1.1119835217677734,-0.0764223604877411
996124,2617.1449215223943,-468.1899399197083,1.39999889569304,0.1788933948859668
996189,2933.688812608506,-61.154578750220935,1.2489395549564555,0.020845625646247392
996834,2139.309391351162,-503.07375297002994,1.7127022462542745,0.2351570815347539
997426,1897.9253747170262,-437.2735922019631,1.9305290127891825,0.2303955666682411
997463,2967.024864851278,-32.869811600833316,1.2349070759080605,0.01107837416201799
997687,1802.3885992759842,394.4808622844458,2.0328579538684504,-0.21886560003925232
999484,1879.8426187358518,98.01800469143615,1.9490993360199218,-0.05214160149074121
1000147,1737.5199541486913,151.9647869572753,2.1087527606525818,-0.08746074345473136
1002467,2324.9395471160447,34.02273187638929,1.5759549552782925,-0.014633813562418236
1002629,1901.7043736421215,180.53939607646777,1.9266927345719624,-0.09493557388770205
1002894,2082.9497505664713,118.47609541136404,1.759043874679911,-0.05687899834316393
1003277,2001.1138667700866,-217.73673287039352,1.83098026596253,0.10880776775678097
1007983,2097.75489286549,-115.34531493399498,1.7466292236816339,0.054985124966833304
1008392,2008.3587378782536,-528.2744832372672,1.8243752626937864,0.26303790915131375
1008428,2050.0858436671288,285.036460721483,1.787242232474496,-0.13903635382000337
1012153,2046.506537510667,-739.2264807358041,1.7903680896406138,0.36121383791668005
1012667,2247.237388629871,-82.2141848739384,1.630446350945559,0.036584557238994654
1013006,1902.7248969933005,47.02626941254749,1.9256593561107436,-0.024715222619338582
1013636,2359.5763922558135,-25.79973101215586,1.5528210962041051,0.010934052017485511
1015220,1867.7345297039546,-240.46245262548103,1.961734894187967,0.12874551966632836
1017146,2513.806808632319,190.80011330483666,1.4575503524845108,-0.07590086583011715
1017213,2037.5656436709608,-158.57569470814514,1.7982242738441492,0.07782605443937932
1017279,2881.017211785567,22.708785904278216,1.2717730338477098,-0.00788221112021889
1019068,2400.7134875656448,-93.8340209367268,1.5262129441840828,0.0390858890170504
1019327,2603.1745517604495,374.3911849026758,1.4075122229211046,-0.14382100679706097
1019363,2005.311487067695,69.35883239281156,1.827147564669743,-0.034587560506239776
1020311,2370.1311843301924,338.428287819471,1.5459059921341272,-0.14278884226195776
1022634,2390.7539066784234,325.0701532875642,1.532570955866617,-0.1359697258590693
1023858,2565.316092872277,-2.3025783498035253,1.428284027134283,0.0008975807527973774
1026811,2171.15186824078,132.2307865484725,1.687583468294565,-0.0609035178435561
1027624,2167.6181155892727,185.4754710415886,1.690334645964117,-0.08556648872219201
1027798,2628.989421528449,-92.642237440043,1.3936914199790937,0.035238725831837854
1031368,3089.8117400965543,-148.415468861877,1.1858327652951124,0.0480338225581469
1031462,3076.177486906493,358.66479234887146,1.191088620729957,-0.11659431026834435
1032014,2124.3707071017648,-6.487153193208258,1.724746056679872,0.003053682284133237
1032270,1765.1713782825107,-245.83966196243327,2.075719131342944,0.13927240436089108
1032404,1798.5464614662897,11.793422908727564,2.037200638682903,-0.0065571966926630375
1033818,2237.2833472257403,46.769282139347865,1.637700474793864,-0.020904496606271337
1037239,2132.954037171187,154.81072227149872,1.7178054173447406,-0.07258043050792375
1039284,2953.262597826568,266.56953154156764,1.240661769358571,-0.09026272561666124
1039307,1817.123327158782,-308.1108191911793,2.0163738725037215,0.16955966311485046
1040219,1847.526774361794,-8.252316311962147,1.9831918274990548,0.004466682933357115
1047981,2410.119963769505,229.91824345542165,1.5202562756541738,-0.09539701214532995
1052707,2000.3875290499298,194.2440972015806,1.8316450921588137,-0.09710323343889045
1055699,1569.4498735289683,-324.72370645932034,2.3345759949385037,0.20690288484917752
1055916,1931.956845126063,77.21133092876227,1.8965226936841433,-0.03996534970413592
1056356,1982.6876174607612,139.1657213144777,1.847996612140295,-0.07019044255327928
1059845,2144.761477108922,75.17088319002909,1.7083484756258158,-0.03504859817388986
1061697,1885.5122093021398,-173.678537745489,1.9432385438416804,0.09211212576012455
1063300,2769.7635524441357,146.36334935482506,1.3228566015199237,-0.0528432649876084
1063724,1805.1122520837891,251.9918092775344,2.029790665799506,-0.13959896897638338
1065527,2367.4976247765026,213.7681299205064,1.5476256287040162,-0.09029285929724497
1066882,2060.3474003433166,86.13683446076556,1.7783408756161538,-0.041806946948079016
1068484,2215.9478058189434,-110.77488343759092,1.6534685475797581,0.04998984323850176
1070568,1458.4496510443075,-179.2708361360024,2.5122567634586708,0.12291876926134365
1071797,3283.2858353323004,10.042072688469375,1.1159552301449769,-0.003058543542083359
1072096,2169.2409500227013,268.4723533849812,1.6890700869175717,-0.12376326999643429
1075252,1915.6688494225723,189.57308261682437,1.9126478989854723,-0.09895921347469118
1075966,2050.0647351083144,-12.406966924415713,1.787260634872788,0.006051987877231689
1076210,2838.713740980209,86.82650351596573,1.2907254250774929,-0.030586565409016726
1076851,2240.597553668565,128.48007842925693,1.6352780507150317,-0.0573418810615474
1082659,2654.464779877702,80.70864302715592,1.3803159219798764,-0.030404864904960003
1083050,2015.366513342406,-72.12374732538723,1.818031596606912,0.03578691361988189
1084365,2518.783839249047,56.80730100651823,1.4546702828982692,-0.022553464144606718
1084905,2251.5622888953417,-121.94674254631593,1.6273145175999668,0.054160945556671794
1088798,2327.9826861310767,-122.54161354754069,1.5738948669284472,0.05263854163417133
1090111,2230.0075407458135,304.86643865863203,1.6430437714011477,-0.1367109451821276
1092290,2049.9090083370843,203.44270450559014,1.787396408864162,-0.09924474875625128
1093246,1691.7517823083404,175.79941751897712,2.165802358429078,-0.10391560946317109
1094917,2173.926415066303,168.72023163523642,1.6854296330394656,-0.0776108291733925
1098434,2355.575832169454,-371.0883483992767,1.5554583087335825,0.15753615032529406
1098760,3499.334891437054,-92.46714435559556,1.0470561159967526,0.026424205520273185
1099584,2390.8046040787704,17.072165508736703,1.5325384574503194,-0.007140761515855866
1100836,1692.2762945684703,320.72425260360234,2.165131079221504,-0.18952239278715824
1101442,1758.926149386716,170.17077217326442,2.08308916282672,-0.0967469681615671
1103986,1831.4485079663602,261.7501552412436,2.0006022468349407,-0.14291974582014913
1106148,1486.2698010154693,-312.02262197067375,2.465232084710752,0.20993673003211763
1107305,2166.4513534142707,181.48821231602238,1.6912449911352183,-0.0837721151827396
1110035,1751.3164679099784,56.89828640252347,2.0921404367153693,-0.0324888662015643
1111058,2033.6894557703538,368.15278406676913,1.801651667910178,-0.1810270407913947
1113080,1884.8103574555462,298.40641866034554,1.9439621527474635,-0.1583217205274635
1113138,1974.1492648010938,137.28965045646527,1.8559893445388325,-0.06954370315574793
1114664,1704.5516935228275,5.37300325747384,2.1495387989246284,-0.003152150373550337
1115197,2509.5609564245447,181.68425939554317,1.4600163389616259,-0.07239683058123235
1115699,1897.6956538115592,-276.04121414004396,1.930762708256608,0.14546126697693054
1122260,1826.4167449191075,395.1891956870308,2.006113889501314,-0.21637405416173724
1126425,1937.0114794489996,-531.3267803874855,1.8915737149075946,0.2743023394670982
1129914,3168.2805121974075,44.50045856426243,1.156463256928844,-0.014045618244010372
1130141,1416.0180573281853,214.66578777356375,2.587537624282434,-0.1515981993750885
1131723,1579.5790512225788,78.00703468707405,2.3196053386274653,-0.0493846981742999
1132565,2440.153671780743,89.08176392725483,1.501544776614882,-0.036506620446672904
1133012,2178.3228120572326,-12.649389923667627,1.6820280170227282,0.0058069400245234545
1134247,1743.020780551546,185.78890402890198,2.102097715002914,-0.10659018303276487
1135060,2435.332813890475,-165.33457739385557,1.5045171563827098,0.06788993128611916
1135222,2384.23177092178,88.56900782125962,1.536763348549559,-0.03714781796864384
1136342,1878.3878145500448,119.68413277886845,1.950608906008947,-0.0637164124744591
1138400,2150.7127142409267,188.0745779969555,1.7036213045744575,-0.08744755947720084
1141073,2228.0077682224564,42.41121345049066,1.6445185031483096,-0.01903548724353285
1142401,2186.7745044780863,-171.37401571577425,1.6755271256806976,0.07836839846304856
1142500,1927.590526614072,242.3677294754022,1.9008186383007575,-0.12573610739887564
1143134,2037.1447128259936,-75.92420573916468,1.7985958370709854,0.037269912766207045
1143554,2063.4948130902785,367.03513340717114,1.7756284032101897,-0.17787063533128117
1143909,1947.3685316381482,161.8668266309149,1.881513406667716,-0.08312079814433003
1151127,2881.6039498022915,-62.45412415983964,1.2715140816805826,0.021673389281731327
1151412,1754.0427346297583,-67.50930211753325,2.0888886728141167,0.03848783201498397
1153548,1937.9622037277948,234.22974812457227,1.8906457478644634,-0.12086394031525295
1153571,1804.1074780345623,133.23628396768044,2.030921131146604,-0.07385163333662982
1153778,1710.303368947835,-86.48874087229518,2.142309993959764,0.050569239611275726
1154809,2440.2438593280945,-97.70689539136873,1.5014892818985963,0.04003980791422694
1155173,2669.7313401945676,215.57662764625553,1.3724227396352815,-0.08074843502063564
1156636,2824.0550165648556,131.35268551651694,1.2974251487695316,-0.04651208448350014
1156947,3473.8132057468565,221.86614291082122,1.054748710707447,-0.06386818454825952
1159053,1867.462564021457,259.2884701925015,1.9620205891087952,-0.13884533761905296
1160383,1454.9169687239369,226.1875325028928,2.5183567713926536,-0.15546422054674017
1160670,2049.6284590613895,423.53182608680885,1.7876410643116747,-0.20663834180013374
1163612,2434.063933530033,38.204902015415826,1.5053014629267507,-0.01569593201276709
1163904,2171.867735530517,145.55201244771962,1.6870272254884817,-0.06701697809059536
1165707,2282.0734787043193,-355.0364891512098,1.6055574170557776,0.15557627414906333
1167761,2222.980506072969,-293.7046308922579,1.648237575628893,0.13212200021092632
1169119,2359.8285570980815,36.56139167191856,1.552655165977684,-0.015493240626293071
1171410,2151.2884890745436,101.3146214239884,1.7031653442148083,-0.047094855914732586
1171665,2103.312535158879,-57.21415954000315,1.7420140558061334,0.027201929615125568
1173224,1851.970460242796,367.4038002943352,1.9784332842542447,-0.1983853458689444
1174667,2311.767485364305,-243.00249696004582,1.5849344811693296,0.10511545754427451
1174991,2867.129170229787,74.1185046912662,1.2779333550941296,-0.025851121554222107
1175714,2766.093367521929,-68.37998482131025,1.324611830902325,0.024720779719221875
1176838,2651.8795902076163,-192.85129408482356,1.3816615254816846,0.07272249267913601
1183599,1581.211488451601,361.97262564241754,2.317210586161353,-0.2289210698797026
1185677,2050.4503130090106,256.8926128308597,1.7869245485998269,-0.12528594875038593
1185795,1745.0185824108596,-88.05255703315385,2.099691107551382,0.050459380731352074
1187576,2435.6795784376955,-456.73120031619607,1.504302960223602,0.18751694777896633
1188293,2201.0995707008155,-294.4044311727282,1.6646225590028199,0.1337533454149881
1188386,2524.5693427322744,-63.22130913426412,1.4513366450194432,0.025042413398651736
1189333,2713.7731694789345,20.56186673798601,1.3501496887094349,-0.007576855342679228
1189706,2132.7264772613444,64.03432094645478,1.7179887055676166,-0.030024628863182634
1192049,2343.4120078713445,-11.445659657743988,1.5635321435978393,0.004884185802282688
1192254,1548.6765737517694,56.44493775415333,2.3658910208241366,-0.03644720835249145
1196360,2150.9819427459724,-221.02489811095347,1.7034080701405092,0.10275534801970031
1199060,2325.269417627668,339.14501821657717,1.5757313850272703,-0.14585192392999619
1200069,2043.887679827797,-8.766685935079636,1.7926621096462119,0.004289220988806123
1202329,1433.8726044780776,-510.1907032106964,2.5553176680808947,0.35581313264326103
1202435,2011.2474372401205,-216.59543014291157,1.8217549626951044,0.10769208508731713
1203244,2198.731497787255,118.24015035366136,1.6664153870935818,-0.05377653000043666
1205952,2221.3277264616495,198.06654361807142,1.6494639473286463,-0.0891658359361369
1206810,1813.0160639517221,-242.0754759560239,2.0209418288406114,0.13352086656550993
1207702,2375.5112667837334,154.767088384974,1.5424048082755613,-0.06515106476195215
1210011,1850.317860954608,277.55925475184284,1.980200308994307,-0.1500062560108703
1210063,2305.768401658515,277.6476734863226,1.5890581193516762,-0.12041438042372928
1210611,2242.198334730033,218.88983731253353,1.634110570526829,-0.0976228703420603
1210720,2171.224769044969,72.18906293257879,1.6875268061775293,-0.03324808373678039
1211293,2159.4883787057333,283.582993525614,1.6966981791288822,-0.13131952749640471
1219241,2584.6966558797667,-94.89529608138508,1.4175744730682391,0.03671428748341266
1225177,1960.0453911089692,240.39890104558066,1.8693444634600807,-0.1226496601232107
1228275,1915.3036613899842,-169.97357704221753,1.9130125806478868,0.08874497578042712
1230673,1807.1061059231854,186.84007796023235,2.0275511150067165,-0.10339186910376935
1231751,1924.1548292589487,24.4602230184434,1.9042126674448123,-0.012712190644171699
1234174,2204.8981885875487,111.15325474573609,1.6617547326968178,-0.05041196701102128
1235134,1924.0093083806971,230.86145636126565,1.9043566910202374,-0.11998978141928297
1235450,2334.4840919853173,292.1088012717982,1.5695116589481752,-0.12512777545782283
1238735,2832.4327781921747,181.9327530664802,1.2935876283491468,-0.06423197558905541
1240132,2593.5000107239553,157.22843598355763,1.4127626700788882,-0.06062403521628232
1240205,1832.0993005393589,26.45970429903707,1.9998915991733313,-0.014442287211859911
1240650,2783.866132900114,98.76176595269084,1.3161552406196342,-0.035476478119946454
1243062,2545.538355561677,303.8230965994008,1.4393811792286009,-0.11935514384828894
1245416,2689.4587135444535,296.27766220141876,1.362355920002651,-0.11016256197179271
1249228,2188.964447132608,159.3598928202901,1.6738508497931919,-0.07280149891380856
1250415,1521.7437070105602,20.492962918535625,2.4077641873071163,-0.013466763702800982
1252107,2120.761488908579,177.6088747069952,1.7276813159624225,-0.08374768951429762
1253632,2250.236690911843,268.4794457605096,1.6282731566852509,-0.11931164701243764
1253763,2036.7335181529734,149.21676849754084,1.7989589542979216,-0.07326278433953361
1256705,2089.8675098497492,561.3506934065942,1.7532211887745088,-0.26860587609544323
1257122,2523.486741259438,205.42182679796684,1.4519592831985109,-0.08140396517219012
1257895,2441.644259157524,-287.4545009012463,1.5006281059404791,0.11772988625313947
1259870,3590.4840138780223,332.81986480660527,1.0204752300352327,-0.09269498583482956
1260319,2574.1383311039785,-143.64269021862606,1.4233889281422607,0.05580224204851554
1260684,2624.297271620552,228.18447129385908,1.3961832905223472,-0.08695069486276262
1263286,2255.292038030311,-290.03474412305206,1.6246233029758768,0.12860185698006443
1263734,2084.306038170633,-160.87008438357168,1.7578992397948636,0.07718160454247168
1265011,2517.5266551625155,-85.85076677404408,1.4553967055270267,0.034101234478688014
1265529,2407.4539790953213,-37.51024217526509,1.5219397885964434,0.015580876104373458
1267842,1913.617209562194,284.6309704164882,1.914698499622224,-0.14873976310111015
1268128,1959.9890523192507,213.79628007644322,1.8693981967217608,-0.10908034400674767
1270071,2267.925725376586,107.82544886054046,1.6155731905160156,-0.04754364203996857
1270458,3020.458937280227,10.37867076247187,1.2130606891478717,-0.0034361237738981965
1271364,1793.2802920577753,25.99065976653202,2.0431831076421343,-0.014493361624304663
1272093,1931.4444065710584,36.643813032698745,1.8970258670322233,-0.018972232857456882
1275515,1964.4877948309356,-21.245741345111185,1.865117212558363,0.010814901167120562
1279384,2032.6320383158804,-676.0390219889455,1.8025889245727797,0.3325929185633971
1284899,2077.2543435197463,-106.05953963104594,1.7638668136284343,0.051057560650630905
1286023,2027.9173721907819,310.6878272615891,1.8067797289204834,-0.153205367990881
1286531,1770.7790265758492,-286.01341428607543,2.0691458081503638,0.16151841082008905
1291125,1870.9225786235345,403.89320520668974,1.958392101235776,-0.21587916561669804
1293780,2488.2825526022157,88.12333461209863,1.4725015839411941,-0.035415324726663505
1294235,2620.379109610526,89.77219941098548,1.3982709549781864,-0.034259240993692916
1296124,2472.345695313191,297.7698263609332,1.4819933987976763,-0.12044020661245451
1298813,1754.8812332328712,72.54312965084063,2.087890582344492,-0.041337914086186034
1299583,2690.0932046529424,118.69862948722658,1.3620345918359005,-0.04412435572192015
1302431,2219.114165133003,-118.67273553034573,1.6511092838616517,0.0534775260304073
1302848,1774.6405963241766,-228.44973068096965,2.0646434030582106,0.12873013902316835
1304055,1777.9193671319754,-31.778454568083305,2.060835866764041,0.01787395714089456
1304504,2330.086231021753,534.6138759749817,1.5724739931162632,-0.2294395241074624
1305129,2512.3440878435185,-159.58568680794093,1.458398958060323,0.06352063301365778
1305491,2066.4861970708466,132.8418363414118,1.773058056324576,-0.06428392143616021
1309199,2400.5942016293507,-18.854308832669915,1.5262887819662068,0.007854017484451544
1309718,2136.5600026190605,74.17313437186061,1.7149062022637123,-0.034716148519553354
1309861,2408.023839683347,-26.702799185919957,1.5215796204417198,0.011089092535492237
1309870,1921.0994231988007,106.22696253147268,1.907241216021561,-0.05529488023821036
1312826,1539.3292855189986,-28.388707503379862,2.380257450091096,0.0184422577874937
1313857,1979.4948314428095,345.0845723775355,1.8509773007739516,-0.17432961526149127
1314292,1770.3117023729853,294.3099364626066,2.069692018128023,-0.16624752356780087
1314429,2290.709444242819,25.620207424930015,1.599504471948041,-0.01118439856670632
1314492,2379.8072308721535,20.426175492122013,1.5396205005466828,-0.008583121871024913
1314647,1936.7774186290296,155.4840240743843,1.8918023128303534,-0.08027975882971905
1314854,1577.5202169796478,-43.778905789556404,2.3226326740935015,0.027751724078298273
1315170,2466.9980610179223,292.88401023337195,1.485205869390986,-0.11872081087592075
1315319,3055.6779665557387,127.39701505086265,1.1990792354764865,-0.04169189831036431
1318413,2518.510746425286,203.9218222161266,1.454828018979309,-0.08096920869032159
1319114,1675.3295069328954,-196.70180815682173,2.1870324523250697,0.11741081819595775
1320965,1827.340601638525,228.75741664640606,2.005099649575232,-0.12518597597037232
1323838,2048.64585879857,160.77365004136328,1.7884984777938906,-0.0784780099258586
1323964,2084.525761206418,228.81125153058855,1.7577139453913309,-0.10976657414786
1325564,1760.3260575537618,99.30450972198577,2.081432575673895,-0.05641256589701589
1325724,2237.5852695921294,-154.9118868865549,1.6374794962195474,0.06923172448073564
1327919,2711.2323350104025,64.2000166468747,1.3514149830268758,-0.02367927522029512
1329534,1668.281980866383,-197.8201848050142,2.196271398973684,0.1185771872344272
1331531,3408.772268602454,105.8221130851203,1.0748737995050006,-0.031044054793518308
1331536,2418.0070385418694,-235.0526546258487,1.5152974915281892,0.09720925161888383
1333429,3133.8194392817068,65.96136942140464,1.1691803152640519,-0.021048235451792158
1335412,2056.315697296548,239.22684397249503,1.781827568994919,-0.11633760530399498
1335637,2161.2942617379827,166.13631729555271,1.6952804922794882,-0.07686890222988696
1338329,1722.9110041750957,125.06138451505996,2.1266333496745347,-0.07258725738706248
1339921,2981.6933646653974,16.74013152430382,1.2288319259855114,-0.005614303510442423
1340048,2119.91958899336,-188.49803790556268,1.7283674432858296,0.08891754144083863
1340392,1599.9304294478086,-162.07496387755737,2.2900995771825987,0.10130125716372246
1345041,1718.1199518729284,-462.49317103691493,2.1325635593753867,0.26918561217611703
1345614,1979.8572313577797,11.341969896288163,1.8506384914872072,-0.005728680693056779
1346702,2339.1538235370476,210.64636711331917,1.5663783899682344,-0.09005237919531073
1347259,1974.2335107637423,192.02395674089968,1.8559101443793053,-0.09726506803474035
1349813,1837.6396828296224,0.23694020422192352,1.993862036304159,-0.0001289372483821637
1351683,2026.9189964057866,70.69922140307034,1.8076696732810489,-0.03488014149970325
1353092,2715.884249557337,31.183453486677877,1.3491002057975028,-0.01148187868896124
1354565,2978.2131061720193,109.87585914730056,1.2302679054117258,-0.036893215908423385
1355766,2249.5650360410386,60.74356757375591,1.62875931182154,-0.02700236116785368
1356175,1839.9722604223525,84.0306609966513,1.9913343688991023,-0.045669526005442426
1357870,1567.6490818853144,135.50461416371508,2.3372577717415775,-0.08643810386489817
1359912,2450.2210431272833,-149.98412691793533,1.4953752888039593,0.061212488293099686
1362040,3302.81756805023,159.43840888693677,1.1093558528462681,-0.04827345307511456
1362415,2212.2676915014845,66.93161683103119,1.6562190977499711,-0.030254754923263443
1362530,2217.7641577980867,236.57238440593807,1.6521143545027857,-0.1066715699115724
1365379,2083.836853008714,111.0221685371003,1.7582950386493994,-0.053277764224585404
1370685,1712.8240166486632,-117.41346918365434,2.1391573006834856,0.06854963968416748
1375961,1421.5777786390374,-603.7431410508086,2.5774178909210086,0.4246993376815502
1375975,1477.918694412745,297.92178971329196,2.4791620904801532,-0.20158198880600262
1376248,2027.216537140166,-106.88176834847468,1.8074043561073532,0.05272340985302679
1377318,1709.2716094968002,237.89787025030392,2.1436031463008156,-0.13918084693417432
1384831,2042.1612197037084,379.3103261443078,1.794177641142162,-0.1857396578118063
1388927,1963.6735989403792,-194.261140291062,1.86589054411952,0.09892740850408517
1389474,2703.866009638459,343.29112653194176,1.3550967344309797,-0.12696306891991443
1390225,2464.5502033142925,340.3658079526353,1.4866810159000634,-0.13810463568358888
1390627,3231.851129129851,-6.837088103718543,1.1337155870129765,0.0021155331203511754
1390648,1733.5842337985553,209.29505914115663,2.113540218332282,-0.12072967385181987
1392911,2150.180386950514,-28.52907343512385,1.7040430757516376,0.013268223265483837
1394414,1636.0568529914576,84.70605749694545,2.2395309755284716,-0.051774519535836526
1395236,2281.4724780730808,-407.9768075505384,1.6059803636529486,0.17882170899344507
1399388,2164.282544253636,-208.3849803972577,1.6929397733804434,0.09628363031921987
1403768,2799.7094873936985,156.5861948816791,1.3087072128368882,-0.05592944396079041
1405682,1830.3429577720046,105.95865861293288,2.001810635783812,-0.05789005725020608
1410380,2021.6525062691198,228.38105813425858,1.8123787291030384,-0.11296751416282061
1410895,1479.0901114975336,187.6988655541274,2.477198631454788,-0.12690157556667594
1412767,1703.6283069468984,-73.2262295578804,2.1507038742308278,0.04298251517615975
1413992,3100.1308046914714,80.36065089808591,1.1818856141344802,-0.025921696844686364
1414098,1955.3673569266216,393.12580727037783,1.8738166958862132,-0.2010495909516866
1415208,2024.4030393989028,-552.251061639435,1.8099162709654573,0.27279699293645226
1417117,2088.151692871316,56.34388742160229,1.754661796127374,-0.02698266012663407
1419079,1656.2579976259467,216.85857350260773,2.21221573284592,-0.13093284609852407
1420431,1401.4285352088934,-405.7111594658042,2.6144750930548546,0.2894982864076832
1425837,2275.514907313451,-286.62948093493173,1.6101850127300816,0.12596247118123083
1426277,2342.67046839957,306.53801271267463,1.5640270577633208,-0.13084982153810587
1428736,2586.8604254222655,-104.85239345964595,1.416388748303615,0.040532682950039874
1432173,2251.888862435802,132.43795738229795,1.627078521111721,-0.058811942095154605
1437517,3077.047699147813,171.66253254126076,1.1907517719061498,-0.05578806353531751
1437972,3027.8114201126696,-116.99744402147843,1.2101149945010965,0.038640928310233
1438153,1983.6558951529046,72.99512845236501,1.8470945535226364,-0.036798281713441225
1438191,2099.9163756662674,242.82313755528213,1.744831385886724,-0.11563467020358775
1439318,2330.353498506978,52.73064670391693,1.5722936465851505,-0.022627745849589192
1441827,2350.3917057505637,299.2899320647651,1.5588890953944012,-0.12733619308326785
1441914,1651.1608584481316,269.15465395666075,2.2190448503264943,-0.16300934738098732
1441990,2280.1050313673763,228.57918147085485,1.6069435177741367,-0.10024940883261688
1442751,2139.2583165611977,-68.18059126641566,1.7127431370185275,0.031871135308247485
1443147,1703.7294343372678,-323.616819283519,2.1505762160088855,0.18994613391145787
1443646,2173.09736368074,81.34032132111344,1.6860726358776696,-0.03743059224154649
1444066,2605.7807744518736,196.08555667062382,1.4061044719967752,-0.07525021237132676
1444569,2031.4941157453195,307.3647849952918,1.8035986280254337,-0.15129986477097182
1446671,1914.4372601788502,-433.67742844657556,1.9138783371034591,0.22652997696360164
1448571,2502.3598544532474,403.50420466352267,1.464217863581641,-0.16124947175181015
1448636,1585.1507750696207,0.08316129546005868,2.3114520445785827,-5.24627037175099e-05
1450682,1961.4260150789441,127.98901739587342,1.8680286545768743,-0.06525304365901462
1451035,2104.1978460675678,-233.07683017509095,1.741281128505796,0.11076754527178935
1454003,1992.657644360282,284.92362058815996,1.8387503796098812,-0.14298674004265854
1454656,2591.81361513559,252.8117760175914,1.413681901585473,-0.09754242146936387
1460352,1957.1710760046226,-100.53669068617245,1.8720897957881666,0.051368371379883905
1466348,2188.5481992215086,110.01961142928286,1.6741692055506596,-0.050270591010249666
1466457,2459.284069614579,159.65493722747516,1.4898644875027491,-0.06491927435308294
1468124,1865.857827358082,-264.35685225269475,1.9637080308460348,0.14168113367297908
1471834,1726.3745809023114,551.7744963698585,2.122366745046121,-0.31961458566046924
1472052,2406.0468904804843,315.70771084563415,1.522829839475117,-0.13121428019326245
1472655,2398.409658514895,92.61476754239374,1.527678971351693,-0.038615074457188925
1474785,2607.2065301285184,91.92568981623259,1.4053355411852964,-0.035258307600089224
1475468,3697.7494804914354,41.91311662683438,0.9908729672819939,-0.011334763711808858
1476923,2848.6964679068333,-149.3491055915183,1.286202317894625,0.05242717406858623
1478393,1841.232965448112,167.8739490434097,1.9899708883977483,-0.0911747465930001
1478489,1575.0375482259328,-51.233436738467674,2.3262937471725684,0.03252839070165357
1478567,1506.4569814444483,-3.318749246401694,2.4321968998323586,0.002203016274131871
1479173,2364.9587223151843,-74.96229451325098,1.5492870828684548,0.03169708367673597
1479322,1727.8356907307368,204.2906053057033,2.120572007891804,-0.11823497245811879
1479965,1694.594857636627,-89.20016145064204,2.162168723390328,0.05263804563590225
1481548,2082.1208512458816,343.95685778058584,1.7597441559684526,-0.16519543405694817
1482160,1940.6765050328518,222.6041970011392,1.8880014214105074,-0.11470443240996055
1484389,1975.933542982902,-428.1135061935064,1.8543133765869295,0.21666391955025935
1485894,2297.4949065101177,-77.47487301031049,1.5947804670285846,0.033721455830339316
1492261,1695.3647610475123,-556.7311408251915,2.161186833762034,0.32838428261373376
1494463,1861.8814549547715,-119.69781960502968,1.9679018716521914,0.06428863625366382
1495153,3034.0270638492684,-405.84712083316583,1.2076358987225002,0.1337651617115992
1496511,2153.657487243104,81.58926977340928,1.7012918821600946,-0.037884050856132966
1498501,2210.985960330254,-266.1219389016102,1.6571792248977963,0.12036346845995335
