config,slope,intercept,tcre_postpeak,zec,n_scen
223,2062.430508312984,24.58835144324678,1.7765447054975247,-0.011922026630298167,94
248,2198.5860308886035,11.070165805394026,1.6665256435378695,-0.0050351296923867896,94
337,2513.1759352841964,-156.91215617910248,1.4579162360098221,0.062435802434722285,62
1126,2061.145727791533,98.5553004004376,1.7776520847586483,-0.04781578472184846,94
1483,2488.056794241383,112.18004556470197,1.4726351940519773,-0.04508741352863934,94
2227,2023.7151334604982,3.7301893094071374,1.8105315018990142,-0.0018432383331682728,94
4608,1538.3073529697397,46.732282763927174,2.3818387092322992,-0.030379028400084915,94
5683,2152.8879181101597,103.6153004276112,1.7019000242317859,-0.04812851591390155,94
5797,2923.3983435400974,-70.89143338727007,1.2533358678595503,0.024249665990240622,70
8678,2012.5380962623672,159.56724987498274,1.820586654635102,-0.07928657359148969,94
16076,2847.5041980403885,-206.837358280762,1.2867408597752068,0.07263812233292036,57
16346,2580.78263934053,-213.63893733865842,1.4197243673865791,0.0827806782648111,52
17836,1840.433563094913,11.890815123951086,1.9908352431035532,-0.00646087713373105,94
17989,2535.9400964308697,113.34637061229398,1.4448290813954097,-0.04469599686988656,94
18622,2249.4026836308526,-134.85319084993904,1.628876868807584,0.05995066682870094,61
20430,2032.3983732322588,207.7586660918608,1.8027961684366516,-0.10222339715881996,94
20449,2266.021301471427,-123.82194923654143,1.6169309607199212,0.05464288846540781,69
21273,2050.2971881315407,14.04909458343974,1.7870580036931354,-0.00685222350436077,94
21921,2608.75344736441,-84.20306428871078,1.4045022168352828,0.032277126216653414,67
23300,3070.2470625459105,265.14230138213975,1.1933893023455049,-0.08635862065194143,94
23364,1933.6592667065088,-4.216555567015803,1.8948529676796066,0.002180609396710115,94
25308,1921.4609840607934,-111.41521888822638,1.9068823308899798,0.05798463763378778,63
26897,2085.1052069195853,-77.34805285707671,1.7572254809209282,0.037095515660500546,67
30593,1993.7813445989532,57.04702222490289,1.837714055217529,-0.028612476678769323,94
31117,2156.263036938881,79.97274023489643,1.699236103032014,-0.03708858282356358,94
33834,1295.2285919722276,82.61777949227672,2.828844284869341,-0.06378625364228234,94
35518,2612.7533366038297,-80.94082573030909,1.4023520508685394,0.030979130175188864,69
38231,1596.723004624987,-47.41392044954995,2.2946998254468953,0.02969451828038626,87
39974,2818.6897289696453,-276.40576597994175,1.2998947568944925,0.09806179202312565,47
41275,2165.6881345990873,-24.30662847930401,1.6918410095451164,0.011223512790683345,89
41400,1888.3176352164876,81.4843832916469,1.940351523317706,-0.0431518414974211,94
41464,1879.1926538723644,208.4096913434512,1.9497734798237778,-0.11090384528376646,94
44465,1838.9579390180213,223.76383835771088,1.9924327371818664,-0.12167969348836644,94
45571,3234.8643820539373,-194.3849126595694,1.1326595390912766,0.060090591042381535,57
47803,2317.7463794575624,-90.27788727595023,1.580845959883458,0.03895071871370092,69
49555,1772.5537134925542,139.6189091937258,2.0670741722013215,-0.07876709638244331,94
49864,1707.3812574175172,212.0516291556056,2.145976467811265,-0.12419699948934793,94
50094,2335.0305445134545,65.2134278256454,1.5691443559953346,-0.027928297545775266,94
54174,1586.0809908995677,205.41220610507781,2.3100964080793327,-0.1295092793392445,94
55496,2057.3758711923847,177.50709050151937,1.7809093862253138,-0.08627839617786628,94
56475,3195.8136427350178,151.07410782531844,1.1464998931740908,-0.04727250231525619,94
60081,2441.749619574823,-144.44943985294722,1.500563354500698,0.05915817031154075,61
60919,3095.6043949230666,164.62294221563712,1.1836137737784351,-0.053179580209159256,94
61089,1985.7528147556782,-38.06330820997951,1.8451440545739872,0.019168200557058115,94
61596,2682.927336975461,-25.825103835627203,1.3656724688379112,0.009625718699016487,89
64312,2023.4212531871747,53.17644777341212,1.8107944622152612,-0.02628046319551685,94
65996,2274.9885308960556,70.07172701148107,1.6105575699570014,-0.030800914404558226,94
66688,2314.2324029526903,28.055434027195247,1.5832463478279726,-0.012122997669291894,94
68517,1728.1289991596695,171.96790709196296,2.1202120916793126,-0.09951103602542699,94
70750,2430.1208317019345,176.65481376717412,1.5077439575026887,-0.07269383952544202,94
72871,2728.585172539677,-59.68056287016057,1.3428204612684564,0.02187234742414578,80
78379,2536.1442353729367,99.55232731990486,1.4447127844293184,-0.03925341703022889,94
79256,2303.16762558306,131.35569351566141,1.590852510820804,-0.05703262413755403,94
89278,1444.5534868278373,182.47459094135877,2.5364239077404807,-0.126319027024789,94
91119,2999.947034372755,125.30700882496757,1.221354896609396,-0.041769740395155824,94
91683,3306.414101426342,129.6338867385719,1.108149157245428,-0.03920679103160418,94
92607,2014.7699223662441,45.64321594449183,1.8185699316460013,-0.02265430679592745,94
93509,1842.3977533390957,87.2413398250261,1.9887128028459096,-0.04735206589723257,94
93544,1795.9983486404951,-112.05967747115488,2.04009096265234,0.06239408714154996,66
96681,1961.4739681693518,-59.846780767273,1.867982985988654,0.03051112670290911,79
99364,2715.405853045007,-171.6556833218384,1.3493378884380236,0.06321547960476952,57
104192,1834.5404305976883,167.40376438834835,1.9972304446875988,-0.09125106298900627,94
106103,2839.064261628723,275.10636386085787,1.2905660676726018,-0.09690036522915264,94
107831,1908.8586004076828,101.15667345377005,1.919471667109059,-0.052993277465478904,94
109673,1878.6442267163848,-27.66316815988415,1.9503426715361507,0.014725070221643625,88
115120,2787.0934750007573,-66.83621943043295,1.314631185808723,0.023980616376856462,71
115184,3067.9235427301046,-107.03301476768124,1.1942931265944963,0.034887771248834305,65
116634,2088.418924755687,187.3398923719064,1.754437271453395,-0.08970417292776749,94
121750,2704.8299980991756,176.21665397585224,1.3546137844429715,-0.06514888333081519,94
122181,1927.7194916864448,234.77534518835375,1.9006914729043844,-0.12178916393222909,94
123916,2027.684901029612,36.892588892959736,1.8069868736209973,-0.01819443882736737,94
124320,2509.967258222947,-28.62199635181568,1.4597799983232078,0.01140333454870643,88
125616,1940.3226058551809,38.03757462370572,1.8883457776265626,-0.019603737290346614,94
128288,2366.1726550795215,-94.79727946213887,1.5484922421592526,0.040063551262261105,67
132469,3082.8944751985327,13.74778144017148,1.188493485416508,-0.004459374639894591,94
132525,2121.7093532532963,122.46578403915862,1.726909481914595,-0.05772033942885591,94
134912,2274.07813279759,43.06496522620063,1.6112023360835523,-0.018937328759773855,94
136021,2420.818217154403,-134.46421938660046,1.513537850151722,0.055544946924870296,62
137596,2505.60184419252,7.652868249257551,1.4623233170475245,-0.0030543034069819824,94
137669,2219.514461499419,189.6872520479833,1.6508115011445978,-0.0854633999184839,94
138362,1750.1312429579998,3.9774182670222444,2.09355727734296,-0.0022726399994435708,94
138576,2064.0042337794775,-35.10213676693465,1.775190157091252,0.017006814323562592,88
139589,2222.2542219172187,166.87862481728598,1.6487762578481842,-0.07509429982016809,94
139605,2183.1910320121833,12.167820176260989,1.6782773226321832,-0.005573410662577825,94
139609,2365.621163690062,93.93114229700257,1.548853238311681,-0.039706755983904954,94
144238,1966.0345886973544,146.61183757906065,1.863649816266801,-0.07457235921581726,94
145151,2243.922705089872,-32.318327041508326,1.632854817899466,0.014402602624502582,88
145242,2020.1008896486933,-15.925573868538635,1.813770796683917,0.007883553712660451,92
145345,2409.787394578457,85.7175718513667,1.5204660827105627,-0.035570595167114825,94
145950,1812.7914425544927,83.96198013731828,2.0211922419695885,-0.046316403622803606,94
146984,2749.3097710166667,-89.7590556569499,1.3326981334100778,0.03264785096361037,69
149102,1824.050051290712,244.31538141144256,2.0087168098305885,-0.13394116090101973,94
149558,1834.6799203588944,4.869787855992513,1.997078596294475,-0.0026542983339785504,94
151082,1960.2789550281134,123.9341905658626,1.8691217342316735,-0.0632227317688493,94
152615,2065.253040930556,52.54807546336656,1.7741167437521772,-0.02544389206646058,94
157018,2174.727079462721,139.44793689894,1.684809112187637,-0.06412204005543141,94
158327,1707.9415225322277,130.95416123772713,2.145272511770591,-0.07667367969576143,94
159416,1794.433758083834,9.832642473415206,2.041869744978807,-0.005479523793575352,94
159902,1961.2573863905993,202.93433590070896,1.868189267469398,-0.10347154703349734,94
163109,2301.970931648763,21.385775854527594,1.591679525412468,-0.009290202391569842,94
163922,2179.2810982392903,129.28802837261384,1.6812883858627787,-0.05932599905403195,94
164300,1340.6482005559267,176.48777861694515,2.7330063162585447,-0.13164361727689705,94
169322,2042.3677983346583,76.17741684273244,1.7939961661105392,-0.03729857908298756,94
172012,2056.487928782015,200.92037713648784,1.7816783403975813,-0.09770073255693063,94
173619,2160.8795146452107,302.9806114146585,1.695605874907645,-0.1402117097974359,94
174237,1989.1475755219647,76.1328836463232,1.841995056117716,-0.038274125350576595,94
177510,2597.0651459019273,86.94737989027647,1.4108232925083364,-0.03347909082199044,94
177612,1997.1471619719116,-26.32715130127397,1.8346169324759711,0.013182379247045312,89
178647,2349.5691834096506,-129.2115801810089,1.5594348214436793,0.054993732933413565,61
180377,2789.021265465421,-34.19133460544796,1.3137225037933034,0.012259259199209529,94
180945,2183.6649037730526,85.31056292065944,1.677913123789802,-0.03906760729325058,94
182856,2988.283082529939,-73.16657374397738,1.2261221239113618,0.024484485479880684,68
183503,2071.6506904423663,133.83613912429462,1.768637935393256,-0.0646036224841149,94
184014,1888.6984748390862,257.9374140471077,1.9399602683070767,-0.13656886871213444,94
184903,1632.4607225306254,13.40444456894096,2.2444644146292854,-0.008211189637788966,94
186853,2231.308299753927,131.2717709838754,1.6420859459018162,-0.058831749515901643,94
187877,2119.6080285579105,181.3894738160542,1.72862149540584,-0.08557689505425384,94
188376,2064.649942929809,-98.81482630059475,1.774634975070233,0.04786032936913902,66
188461,2503.6198347322693,7.274712318208685,1.4634809762928,-0.002905677698062583,94
190719,3197.1197904634673,-20.1619937979994,1.1460315033953894,0.006306299144041968,90
191170,2185.719181513287,118.6884352912084,1.6763361144423057,-0.05430177686825909,94
191804,1826.3384252979029,120.05407850206257,2.006199918507627,-0.06573484784589141,94
194250,1784.295465892893,124.57158527101808,2.0534715634478564,-0.0698155589431374,94
194723,1584.8397517687065,150.65458525420303,2.311905664854076,-0.09505982234864446,94
194805,1999.8234466772137,-120.36997690767203,1.8321617371212853,0.06019030185273182,65
196299,1826.5765733683763,16.611650943331085,2.005938351242097,-0.009094418041668882,94
196892,2448.072174944036,110.97801010566428,1.4966878989520644,-0.04533281789708724,94
197915,2111.2757935717696,55.17153125629585,1.7354435697864918,-0.026131844747274313,94
198326,1657.5096749573147,-81.79130279988948,2.2105451662563342,0.049345897665421364,68
198930,2126.6826444566664,-43.270646082729144,1.7228710684927293,0.020346545920011543,88
202006,2324.2518244542384,130.9827865486276,1.5764212644472593,-0.05635481713750354,94
209506,2097.935838077861,92.61218143965158,1.7464785783710979,-0.04414442985277534,94
210981,1942.9692506706551,312.2923717783194,1.8857735389972314,-0.16072944626917043,94
213789,2421.159445231212,56.83998668551504,1.5133245384630591,-0.023476350059253134,94
214151,2063.0320599266693,91.79855252412756,1.7760266896338186,-0.044496910303657884,94
214810,2264.9671229392375,92.7582875060238,1.6176835252448363,-0.0409534807664898,94
215491,1923.2027153302427,211.29608809133765,1.9051553800301475,-0.10986677920484059,94
218132,1340.0628752703055,204.80497562232085,2.7342000645013993,-0.152832362870294,94
219381,2823.8786477820404,-4.388221843114707,1.297506181038557,0.0015539696957450168,93
219427,1694.8683681307239,237.69492909536035,2.1618198019950294,-0.14024388770528232,94
220924,2112.970111935453,-137.61354919536313,1.7340519770267,0.06512801502398485,62
221614,1486.317445514556,-5.910237384816753,2.4651530607121015,0.003976430070610291,93
223582,2779.5622070414533,-52.96314776824886,1.3181931998924161,0.019054492694596845,83
224800,2121.8939396985597,-38.057071975707345,1.726759255705549,0.017935426113292827,87
225501,2190.45570568523,22.563831934415646,1.6727112949557719,-0.010300976128324452,94
227565,1520.478302730009,93.67716159219708,2.4097680272196658,-0.0616103244775018,94
228997,2321.252967658465,147.16718470951167,1.578457863511539,-0.063399890817572,94
231653,2587.867937474865,4.090586882000991,1.4158373180260428,-0.0015806783734074227,93
231691,1622.1371988580372,96.45260264370017,2.258748521752295,-0.059460200229426656,94
231771,2279.349987181851,218.03813550708946,1.6074758245135081,-0.09565803265547125,94
237544,2091.82584696521,179.8317395202895,1.7515798484446863,-0.08596879122666293,94
239009,2037.9883137660884,209.26839975757684,1.797851329789587,-0.10268380752922991,94
239902,1759.6734781463394,137.52728956742385,2.0822044802651116,-0.07815500504803692,94
241008,1949.8315402599187,144.52023867500804,1.8791366968612977,-0.0741193460516815,94
242103,2069.7267016527867,95.2207755960842,1.7702820363065817,-0.046006448832131,94
242223,2637.2839269967303,-163.48996894163335,1.3893081296606797,0.061991796661731234,58
243800,2678.9192830878096,63.17598885098738,1.3677157139937244,-0.02358263992865387,94
245055,3179.5398810699367,121.16118868896126,1.152367995701013,-0.0381065164209199,94
245693,1877.696145649626,-46.884723990606744,1.9513274330828254,0.02496928169088085,89
249700,1800.1845544421326,150.79959761104686,2.0353468709409372,-0.08376896537576328,94
253398,2252.2381111163236,-40.353666441538195,1.6268262142957592,0.017917140395753657,87
253642,2338.17623304851,69.35900069770503,1.5670332921068502,-0.029663718122425225,94
253934,2140.4366652631848,39.73371767733232,1.7118002412603412,-0.01856336995257308,94
253982,1960.6267071280042,217.95473786106965,1.8687902121700453,-0.11116585174968747,94
255471,1717.8902268889356,148.14956111577862,2.13284873657814,-0.08623924788493295,94
257218,2629.878047288201,195.62609772149102,1.3932204969649198,-0.07438599592981542,94
259131,2026.3094036189882,-70.78654629989887,1.8082134907216523,0.034933730344178494,70
259791,1864.7513950812522,147.37892523601084,1.9648731780894308,-0.07903408766699925,94
260044,3435.287516085129,-173.30483048340582,1.066577392094247,0.05044842088818955,61
260583,2430.0585038569025,94.22085052739834,1.5077826291772933,-0.0387730790751969,94
262150,2598.236472884036,84.84464332589323,1.4101872705731704,-0.032654704146969304,94
262612,2790.919651507053,-157.66018023828025,1.312828908571946,0.05649040457081816,58
262622,3691.7229803840096,-161.35638273515792,0.9924905036127262,0.04370760850489756,62
264062,2199.6688381083413,131.8675266062458,1.6657052809599038,-0.059948808803259895,94
265648,2734.7766103035033,35.044771531302274,1.3397803631183507,-0.012814491464958461,94
266146,2154.8737715125944,88.00774453120562,1.7003316149827596,-0.04084125283562636,94
270539,2524.9774842262295,118.9190458177087,1.4511020485882946,-0.047097071780087985,94
270891,2676.476631896546,-121.68210775391066,1.3689639417489314,0.045463541995390766,62
270908,2121.149507631628,58.217792121463276,1.7273652737901741,-0.027446340727988773,94
275590,1686.699936091052,101.29679606264114,2.172289167503833,-0.060056204364006625,94
278100,2167.860710275478,164.6658488265129,1.6901454888835556,-0.07595776243649353,94
278211,3105.874578508412,-177.93858710529364,1.1796999226413147,0.057290976376370026,60
282165,2331.5187942918656,38.56765149490525,1.5715078124055348,-0.01654185743187162,94
282231,2515.4464700735994,-40.43166488528112,1.4566002670264715,0.016073355313380267,94
287366,2611.1600126574176,12.35960774937331,1.403207762924912,-0.004733378149734588,94
293094,1910.9541392964388,250.1066711550676,1.9173667879591212,-0.13088051984709065,94
293109,1813.7798128825946,129.89711945820648,2.0200908478394064,-0.07161680736305266,94
297213,1667.3283488546485,23.191230636985665,2.197527561093135,-0.013909216293789167,94
297454,2122.1797655874907,34.440347819032695,1.7265266870479663,-0.016228760813530068,94
300632,2443.5441545223052,-15.30124027257932,1.4994613431555874,0.006261904555422531,93
303741,2358.728249380559,-150.64043860976184,1.5533794539333756,0.0638651097892784,63
307762,1795.426941734241,199.9522574678009,2.040740235556934,-0.11136752647515849,94
308534,1958.1930369132356,26.032838700157868,1.871112771280039,-0.013294316857133908,94
309782,2647.216101120733,-58.168672382826145,1.3840955403862942,0.021973526210497016,87
310425,1893.3262182488145,197.28814625069037,1.9352185400933848,-0.10420187728302162,94
313585,1902.4028344863777,191.7915882318589,1.9259853557720485,-0.10081544494946043,94
314388,2110.8023535119332,139.69846330711994,1.7358328191665464,-0.06618263575208307,94
314584,3212.8287025543736,-29.06053669308733,1.1404280586409479,0.009045155961779917,89
314962,2826.6266644681664,122.72929740881654,1.2962447591887365,-0.04341899797082266,94
315871,2437.2667054553926,79.21700736705606,1.5033233711348786,-0.03250239589690481,94
317134,2787.8118526688254,19.045001185246292,1.3142924248967458,-0.00683152314135337,94
317399,2504.6221818246136,127.62294294914517,1.4628952927865477,-0.05095496792900398,94
318651,1903.6483073445547,85.28765697886149,1.9247252687714165,-0.04480221301897477,94
319225,2140.6237613422563,125.57454769519325,1.7116506254712067,-0.05866259637165431,94
319851,1887.9909928863394,-90.46059927740515,1.9406872245711924,0.04791368158971458,67
322033,2058.2069560729315,0.40691665259339516,1.780190271531746,-0.00019770443948445012,93
323162,2463.8378156470426,-18.99039778404,1.487110870987982,0.0077076492873995525,91
325787,1899.8501293961847,86.99882196366445,1.9285731770666048,-0.04579246574113435,94
326527,1797.6639678660492,134.0454536768823,2.0382007235475825,-0.07456646852414996,94
327406,1801.6967633658378,104.95038774329345,2.0336385536682116,-0.05825086100905821,94
327842,1582.1141603506283,172.99600209409067,2.3158885065461927,-0.10934482885593495,94
328777,2158.5338203537194,115.1765717759481,1.6974485020575585,-0.05335870612260043,94
330398,1824.5665004404275,44.78610505459494,2.0081482363704235,-0.02454616208495779,94
332296,2431.442283365255,90.66442198862427,1.5069245217405756,-0.03728832989740539,94
332518,2343.480458895176,114.79610532888398,1.5634864741852283,-0.04898530512304938,94
334885,2979.002408733255,-8.824224271456842,1.229941939374941,0.0029621406970292176,93
336054,2459.105592871881,55.69285275531843,1.489972618752404,-0.02264760525808784,94
336112,2164.003103231325,156.70486929583876,1.6931583852762757,-0.07241434592300006,94
336254,2846.9494574222404,-33.18515250835918,1.2869915868887798,0.011656389761975807,94
336265,1787.2228150019341,133.5579454576141,2.0501081170430533,-0.07472931989035153,94
336356,1831.8973487625765,-50.65507031269641,2.0001120709492732,0.027651696939740247,85
336828,2411.1322276023175,-219.0423279892752,1.5196180276033893,0.09084625284408217,56
338086,2220.907071819684,118.10201559640467,1.6497763668238168,-0.053177378331115244,94
339395,2199.542258855948,129.58023595806623,1.6658011389632328,-0.05891236480515043,94
342807,1618.193668883991,190.7552104446022,2.2642530807371943,-0.11788157011895807,94
343982,2001.8183664881558,-107.54266202802046,1.8303358892784336,0.05372248742860995,66
344000,2588.444557551051,-5.674092911882212,1.4155219161682726,0.002192085936447686,93
346508,2393.487882685275,61.85954634486296,1.5308203674251846,-0.025844938172597805,94
347600,1579.449455890608,-91.35194323920791,2.3197956644544675,0.05783783893717388,66
350594,4406.205869089148,-393.90118588702796,0.8315544277456611,0.08939690917538887,29
351550,2841.5468402292267,42.256259487134116,1.2894385368303223,-0.014870865012285111,94
351676,2485.8000017577588,-28.608327756856227,1.4739721608372003,0.011508700513567748,88
353132,2229.0352969095306,133.11657298735872,1.6437604218650064,-0.05971936522132224,94
353667,2364.35544900359,-44.51744953133644,1.5496823887221014,0.01882857738251557,85
354383,2093.0297598022726,26.443336886157226,1.7505723379423597,-0.012633999474835615,94
355044,2449.0788556872835,46.563741616211246,1.496072693409365,-0.019012757187495333,94
358875,2127.7664482502682,198.09274600824904,1.7219935030994715,-0.09309891420233041,94
360043,2963.760777291842,28.379803415155834,1.2362671198273996,-0.00957560530276269,94
360293,3377.6012871794605,-36.305052658677425,1.084793523115839,0.010748768007781863,88
363519,2120.8453787403396,121.84844171752678,1.7276129776967548,-0.057452769984532186,94
363644,2453.9494772453468,139.45482345879861,1.4931032745274697,-0.056828726406927516,94
365238,3322.5615707387747,-26.551275574755806,1.1027636123490425,0.007991206486160647,89
365509,2832.822181154651,192.40870128937667,1.2934098103208733,-0.0679212068337277,94
371995,2604.278754785746,200.84735799214036,1.4069154437737743,-0.07712206599353227,94
372074,2249.259629806497,1.9646189255843751,1.6289804660368234,-0.0008734513790893009,94
372368,2219.087742028306,-4.244159999270039,1.6511289439375685,0.001912569710015505,94
374962,2390.1604431014584,251.3707872282356,1.5329514847319683,-0.10516900150102823,94
375152,1706.299565783837,48.22647258166427,2.1473368882426214,-0.028263778265400937,94
377726,2620.708627492717,95.07872304081076,1.3980951417347836,-0.03627977640985386,94
378283,2609.796157366479,117.01239334439919,1.4039410663004839,-0.04483583632159046,94
378414,2605.1065774756507,24.40606988703064,1.4064683693480278,-0.00936854948586408,94
378733,2390.532341036788,40.47083815333866,1.5327130016617563,-0.01692963423192435,94
379606,2987.2011421693264,-10.782909478108508,1.226566215537524,0.0036097031853294897,94
380192,2653.1847948507693,-46.267251454936996,1.3809818325172805,0.017438382559982722,88
382341,1936.9964426913423,120.05304097627527,1.8915883990520335,-0.06197896822643032,94
382358,2645.940534106551,-42.723982664548544,1.3847627914424068,0.016146992766402083,88
383359,1739.9024619983825,-81.34212812300598,2.1058651734946543,0.0467509701834548,67
385405,2133.423163726801,-98.72964817019903,1.7174276825604018,0.046277573923839715,65
386174,1789.3726880373038,28.692668230052902,2.047644978877433,-0.01603504313096721,94
390019,1659.5606890933423,356.0336489668897,2.2078132026625257,-0.21453487739661958,94
390402,1919.6009986323184,240.55420035362084,1.9087299926445833,-0.1253146880653904,94
392801,2411.7012208083593,141.92659631892388,1.5192595037837615,-0.058849162199019256,94
394957,1984.486519031015,174.67327400313218,1.8463214362318057,-0.08801938049366122,94
397291,2160.7056514374694,179.92355538016085,1.6957423134254415,-0.083270738548058,94
398208,2312.517573475204,105.83929090260801,1.5844203918821755,-0.04576799420536074,94
398494,1627.7441666842672,-38.14286587574145,2.2509679807138294,0.02343296118421293,88
400033,2430.9466174411164,75.85432070449588,1.5072317811144824,-0.031203614328784518,94
408112,2227.8382716983265,260.4681377630875,1.644643620026717,-0.11691519131885966,94
408607,1751.1577615236267,20.28733648417574,2.0923300461587595,-0.011585099258289768,94
409311,2352.2520333362936,143.03197042259808,1.5576562154367453,-0.06080639676171523,94
410917,1572.7726939713696,129.2194132094379,2.3296437012446622,-0.08216025984222115,94
412977,2294.9003244845258,109.00064505138448,1.5965835033915896,-0.04749689731115791,94
413374,1826.4297130492562,82.28762692050992,2.00609964556637,-0.04505381528376983,94
414874,2156.723888397716,83.84610631551112,1.698873008135537,-0.03887660667485929,94
415841,2867.86462944655,149.73886725896716,1.2776056311650563,-0.052212669217885734,94
417743,3161.5807053555645,-56.41958800018213,1.1589139552228926,0.01784537333005926,80
420397,1650.6832190354628,260.40615727962927,2.2196869500745096,-0.1577565908931887,94
420576,1946.4759002091628,66.98339368398047,1.8823762470453793,-0.034412649895527926,94
422498,1828.591951406458,90.21683665533601,2.003727511313741,-0.04933677881823,94
424884,2049.4426259104225,85.11177449879983,1.787803158613598,-0.041529230153974514,94
425024,1992.4131878706526,208.79573869669304,1.8389759826453562,-0.10479540085750931,94
425418,2606.977273083404,-213.1943278598512,1.405459126103697,0.08177836073257957,55
425495,2061.245127972939,92.07111103389047,1.7775663603887983,-0.044667715539701315,94
426274,2044.7396080236751,141.9167339441317,1.7919152079914011,-0.0694057734232967,94
426398,1907.87629396536,228.1418833886935,1.9204599436500598,-0.11957897066508427,94
427711,2024.1434194201754,131.27651389557957,1.8101484138162347,-0.06485534208499133,94
428029,2205.048786522098,110.91638655168151,1.6616412400466773,-0.05030110319083861,94
428229,2662.9799434875695,-103.39689135109506,1.3759022139691541,0.03882751411776741,66
428370,2067.0907479665516,84.00491055293236,1.7725394995862507,-0.04063919817529543,94
430659,2062.6162699246975,298.6613733158508,1.7763847078224426,-0.14479735163087532,94
432033,2590.4976584137244,140.2855073294919,1.4144000432116308,-0.05415388308646258,94
432683,1694.0557107891345,263.9243689077107,2.1628568509669703,-0.15579438576123802,94
433194,1841.4723156328778,99.85638978505614,1.989712236722253,-0.054226386645806,94
434948,1499.9241308439744,152.9148860884073,2.4427902216216415,-0.10194841388568462,94
435481,2665.373280841741,76.06056271330834,1.3746667404285253,-0.02853655180684034,94
435676,3730.1431249104876,-257.8994530173446,0.9822679391391785,0.0691392915448877,50
436586,2694.9428781766615,-342.03457263612694,1.3595835480115932,0.12691718826617207,39
438493,2185.1974809364838,-30.767733282458835,1.6767363279357999,0.014080069902548615,94
442537,2178.3009586951166,70.9678724565253,1.6820448916273132,-0.032579461608940256,94
442758,1611.6611947473662,6.782340913130724,2.2734306763366265,-0.004208292000350534,94
445727,2487.2430137508672,-36.331122999632015,1.4731170133932887,0.014606985645863027,88
445739,2521.45354287342,-205.59027315223494,1.4531300845719914,0.08153641130264355,57
447009,2470.7556666519613,199.20872535012808,1.4829471199655142,-0.0806266390638574,94
447101,2000.1705167762523,-31.343658258655722,1.8318438199486125,0.015670493088346008,88
450842,2942.156280058316,-44.41326673552044,1.2453451316757982,0.015095481853411311,94
451092,2204.3934034998315,132.23522769403036,1.6621352586987452,-0.05998712729047616,94
452023,1599.6248491639935,116.83861320507754,2.2905370605582327,-0.07304125918407713,94
453174,3057.393573140512,-138.68336413781162,1.1984063917019325,0.045359997272238,63
453321,1604.0175790848155,108.15136376021184,2.284264242347346,-0.0674252983074652,94
454939,1996.7684070244316,53.603660175463176,1.8349649298889217,-0.0268452064780727,94
456266,2262.3486297961695,92.25958047076892,1.619555868509141,-0.040780443498260134,94
458117,2030.191535668759,68.98669863442694,1.804755825067044,-0.03398038925017104,94
460031,1928.5711088608175,-80.10409025783406,1.8998521668015023,0.04153546109334311,68
461057,2166.2835165183383,-101.65908563000357,1.6913760235265969,0.04692787663979947,63
462023,2392.5725568267017,229.84307379785457,1.531406012973587,-0.09606524706723973,94
467146,2782.2989750439065,142.2359212348896,1.3168965782845747,-0.051121724340442244,94
469827,1880.0509779397632,3.509907445197655,1.9488833244379156,-0.0018669214220158833,94
470293,3370.751795612157,115.94166452390965,1.086997863434969,-0.03439638144666587,94
470399,2211.726586576462,-109.22312614730762,1.656624296256942,0.04938364751330969,65
470621,3305.0788401236455,-45.97256024417092,1.1085968526738463,0.013909671287130644,85
470935,2003.1337343628188,56.22747943064195,1.8291339899806989,-0.02806975813251304,94
472190,3034.385521427701,-104.48984707779155,1.207493238458395,0.03443525759661162,65
474246,2639.798424887322,138.34596854554803,1.3879847663582097,-0.05240777751863884,94
474932,2324.088342151904,214.9680559299806,1.5765321539401786,-0.09249564744640425,94
475080,2307.850738891035,-155.62634852343623,1.5876243373350134,0.06743345481615401,58
475169,1501.7965386161045,72.26796183564483,2.439744603071433,-0.048121007058811886,94
479755,1717.9963923948685,166.8624325343364,2.132716934808241,-0.09712618331039215,94
480065,2662.3906083272227,76.90184224735697,1.3762067776756797,-0.028884507782903544,94
480739,1788.1065301286742,41.69290799694892,2.049094915914397,-0.023316791977684152,94
480944,1965.1629828278203,136.98595247132909,1.864476398149733,-0.06970717119564797,94
481263,2116.5233787222955,53.058964225340446,1.7311408117834666,-0.025068924236202446,94
482799,2717.5553908054067,110.3700318927826,1.3482705862764748,-0.04061371932517337,94
483419,2295.887982391066,51.53098669849231,1.5958966761889253,-0.02244490458320404,94
484792,1976.8665954140126,229.2864410014164,1.853438167501967,-0.11598478194397191,94
485820,1941.0643085336296,38.218304310688495,1.887624219296452,-0.019689355032013536,94
486172,2106.5914865025384,231.4812287373233,1.7393025764492878,-0.10988425151268377,94
486546,1605.0976062308198,118.763349759378,2.282727222180594,-0.07399135684855002,94
487191,2720.9474812176773,11.065532784025265,1.3465897542279237,-0.004066793960710048,94
488455,1888.874274289352,118.9281273823135,1.9397797142313777,-0.06296243693988454,94
489796,1974.7321444006184,235.72783467227703,1.855441514126017,-0.11937205526364005,94
490313,2145.934542803853,88.983315166627,1.707414614433048,-0.04146599693127751,94
492370,2578.4542793163573,-17.162974560663827,1.421006387195456,0.006656303622810159,93
493142,2312.2550224343545,-24.852586699252242,1.58460029903731,0.010748203142872755,89
493861,2300.798418719426,101.79022445257272,1.592490663323431,-0.044241261478798706,94
494077,1652.5026277069207,174.90992074584472,2.2172430703389043,-0.10584547208167334,94
496047,3219.359979764372,-155.9863532530664,1.1381144149863514,0.048452597483206336,58
496104,2210.1564322815216,99.30480199809443,1.6578012065045056,-0.04493111914959934,94
497344,1931.5769298713801,186.93026831398885,1.8968957142410987,-0.09677598930860919,94
500176,2115.7370885455466,-56.59216270954113,1.7317841710279793,0.026748201851698475,80
501342,1993.588681670376,158.51268427678252,1.8378916542252988,-0.0795112280352479,94
502417,1833.2292116552794,343.15105679369174,1.9986589656683798,-0.18718393456312538,94
502589,1808.293719736645,149.84886236425916,2.0262195018481926,-0.08286754564744202,94
504803,3174.828362067291,-58.057993067193365,1.1540781365623762,0.018286970647253785,81
508336,1822.6644969037336,101.00750847202642,2.0102437975964587,-0.055417499294913436,94
510106,1896.3948206120947,101.00232184825325,1.9320871161298467,-0.05326017596676043,94
512163,2084.3268651051703,65.15106464640121,1.7578816745784847,-0.03125760442717982,94
515424,1638.8916760640539,238.13826078528456,2.2356572148803795,-0.145304454384194,94
516336,2749.092422030355,-40.79262969518865,1.3328034993068496,0.014838580677859155,87
518029,2541.189021946195,-156.94327199718538,1.4418447303041977,0.06175977884438868,58
520143,1673.827202694638,131.8644726196746,2.1889953718648196,-0.0787802184164473,94
528034,1715.8277877743221,192.2098647033887,2.1354124383034616,-0.1120216527981009,94
528235,2395.5954605471557,48.492914067183676,1.5294735944954327,-0.020242530454665272,94
531114,2001.423313556769,43.32636976918877,1.8306971719484135,-0.021647779095863844,94
532001,2487.364331568722,-132.69063874123287,1.4730451641112028,0.05334587983640821,62
539925,1851.1726741577831,93.36152265888722,1.979285914895534,-0.050433719102602546,94
540069,2065.216164800264,-46.945316064085745,1.774148422063296,0.02273142969933418,85
540108,2166.7931812007305,235.79338256900706,1.6909781846228586,-0.10882136080857609,94
543123,2348.697956831863,-16.304024850544067,1.5600132785666216,0.006941729055930383,94
544012,2557.2138238452794,4.739707000328167,1.4328093981951213,-0.0018534652660375014,94
546907,2630.230426569979,-208.9900162843427,1.3930338433420586,0.0794569229270462,55
547446,1803.5356113188438,90.74993389874822,2.031565097470231,-0.05031779429760575,94
551126,1555.9688259280176,195.22882124522965,2.354802961951825,-0.12547090789482265,94
553073,2481.384634264128,95.40032016957844,1.4765949419552944,-0.03844640562863406,94
553604,1728.169059682177,245.9747310936175,2.12016294324459,-0.1423325627290504,94
556468,1842.1978908177862,116.18273408682273,1.9889285609666407,-0.06306745581781502,94
561366,1684.2270697147048,183.18837161336006,2.1754786310498226,-0.108767027265742,94
562172,2658.44538912283,103.96815145716397,1.3782491131815044,-0.03910862787799033,94
562256,2575.127321700439,14.195223519273725,1.4228422684671542,-0.005512435598679511,94
563469,1787.4247327412327,130.99366854251105,2.049876525083555,-0.07328625711786832,94
564454,1980.0104015417269,182.98022897113242,1.8504953292907156,-0.09241377157850061,94
566323,1977.467369416234,239.96820868580966,1.8528750747890446,-0.12135128619424472,94
566655,1990.7789783101746,239.48295228972466,1.8404855787205967,-0.12029610263064164,94
566798,2158.812887185204,108.07775798678534,1.6972290751781427,-0.050063513437565176,94
569346,2034.9255415993864,1.106251423365336,1.8005572808920631,-0.0005436323839622445,94
570436,2143.9058751092907,119.21040807772414,1.7090302529317984,-0.05560431055381436,94
572598,1982.080229042497,135.64044177068513,1.848562911991713,-0.06843337609810593,94
572685,2199.8485837096982,-18.235550773269665,1.6655691792301637,0.00828945724187902,89
573232,2367.5297514976023,-22.512382958920682,1.5476046278541182,0.009508806782546352,92
573775,1604.948631668632,-127.88314206900856,2.2829391095156826,0.07968052032671667,63
575039,2119.7376627135277,129.34832675022983,1.7285157802544417,-0.06102091264663755,94
575633,3072.5138678708577,-169.8442767462033,1.1925088567749969,0.05527860379159145,61
576318,2022.3410729750979,244.84062427652492,1.8117616503777139,-0.1210679185367758,94
576344,2010.7311662285942,147.5189349552594,1.8222227125828767,-0.07336581708829414,94
577082,1709.3935416155894,128.79762474517366,2.143450241737233,-0.07534697049542137,94
577522,2408.091864545527,158.1535562922706,1.5215366381761757,-0.06567588164752947,94
577559,1919.8429512463977,123.33159941102019,1.9084894405666168,-0.06424046265396398,94
578901,2206.1379198662785,-75.97319162838403,1.6608209155944735,0.03443719041508929,67
580797,2598.7547497892742,-103.52707179705834,1.4099060329941113,0.03983718425351721,82
581780,1622.994112378755,138.22802682957138,2.2575559406249646,-0.08516853251363697,94
583598,2541.421821144703,124.43390105054681,1.4417126545130818,-0.04896231708378875,94
584073,2032.8416283669096,30.297407642627093,1.8024030740375419,-0.01490396852359159,94
584197,2186.613539194526,-184.2313412585589,1.6756504678690012,0.08425418481878763,57
584749,3912.843846769552,-218.01486197376528,0.936403327984837,0.05571775172008425,57
588255,1957.4899028798038,-48.35784918719966,1.8717848784862832,0.024704009515480494,86
588485,2209.0788630574048,-27.98919696558997,1.658609867340344,0.012670075945977056,88
588715,2153.119021976574,-95.3489925461148,1.7017173517126005,0.04428412529586216,69
589507,2145.5138525354823,157.89354940506672,1.707749402629133,-0.07359241666907648,94
594908,2868.0133336962917,55.067539661013654,1.2775393883116442,-0.019200587045403544,94
603794,1937.9366860103748,0.1038869389956858,1.8906706428800144,-5.360698300704424e-05,94
604277,2192.5233853137697,75.68297434948079,1.6711338289674154,-0.03451866231230637,94
604360,2024.1767429702043,-81.80201082410105,1.810118613764714,0.040412484289325305,67
608607,2683.670814574356,143.86662228286804,1.365294126277231,-0.05360814802678622,94
610491,2109.909956865376,131.54395880978223,1.7365669980739296,-0.06234576901339087,94
612854,2054.7079375859403,73.73805685417835,1.783221806357941,-0.03588736652315297,94
613653,2023.973728385148,-31.750504842070285,1.81030017762304,0.015687211941927136,88
614432,1983.5306357662919,-51.96122628095088,1.8472111970100715,0.026196331603860933,88
618747,2195.2434870954216,-37.63471543000554,1.6690631456321616,0.017143754508890913,89
619338,1762.8404874758942,221.71207540712084,2.078463721494315,-0.12576978857830584,94
619581,2777.2461793918474,-173.2672158267696,1.3192924801510866,0.06238813725354052,57
621098,2311.1099186784677,-113.88653560802126,1.5853854333744273,0.04927785333254229,67
622130,2424.703241780819,-6.386944136747388,1.511112756754918,0.0026341137450109184,94
623454,2614.6166965342773,-106.59147069362206,1.4013526360696387,0.040767532325067385,63
624029,2250.7981769000125,-84.4978018616402,1.6278669663072,0.03754126101968753,67
624957,1700.8638696199214,57.31979822003319,2.154199442674248,-0.03370040321500979,94
625621,2578.389557928948,124.75982456392376,1.4210420565552757,-0.04838672425594804,94
626575,2157.5775239440104,72.63018465396357,1.6982008569046818,-0.03366283892371894,94
626705,2411.2318928943887,81.0640034373576,1.5195552160691672,-0.03361933112955394,94
626864,2820.3490718386342,-182.73342561768018,1.299129968196233,0.06479106697900806,57
628873,1875.713001990403,141.65905446009083,1.953390521957232,-0.07552277683727206,94
628965,2525.5155528864575,101.81859623718151,1.4507928869463298,-0.04031596484163845,94
630725,2160.59994674015,154.20484445574056,1.6958252755342962,-0.07137130808894092,94
632032,2395.839492354618,-21.268821987986314,1.5293178076796126,0.00887739853018427,94
632363,1860.066409474175,216.69614536762623,1.969822142552309,-0.11649914447349456,94
632568,2202.910179804656,-162.67959179724127,1.6632543775910587,0.07384758275149782,58
633102,2013.9484779335326,82.3446497674866,1.8193116855499443,-0.040887168003413174,94
633187,3321.1290925399267,116.54396525503881,1.103239259271868,-0.035091669732689776,94
633617,2706.154146602976,19.39295906045413,1.3539509582628186,-0.007166243314261322,94
633849,1758.0299771908387,126.21627219236359,2.084151036977604,-0.07179415244900712,94
634297,2270.8611064033994,61.954783644420615,1.61348485368313,-0.02728250682955458,94
639533,2842.9381970390937,-10.960692740593458,1.2888074752437595,0.0038554101358970684,93
640394,1675.0618294682124,-14.910053642027265,2.1873819434851685,0.008901195991529942,93
640544,3984.6366842163593,-181.95929023616804,0.9195317642166873,0.04566521483801306,59
644474,3115.574321730145,16.226350364388963,1.1760271531462945,-0.005208141000269294,94
645923,2778.884324166152,-98.45887048065936,1.3185147608112262,0.03543107916527022,66
646101,1396.6186757193382,202.57083026848488,2.6234791670051463,-0.14504376447934106,94
647303,2033.2461322318588,117.26831912659816,1.8020444952122403,-0.05767541728844937,94
648266,1720.1953452022879,15.924075532249503,2.129990649154517,-0.009257132090644564,94
649595,2341.054897133415,186.9189924692978,1.5651063990368232,-0.0798439168163793,94
650017,1944.855860147825,125.4796055401244,1.883944242387971,-0.0645187173565587,94
650175,1928.9908712158535,-36.34500963055535,1.899438745239142,0.01884146274245813,88
650192,2122.2045726596643,58.59394547722161,1.7265065051707396,-0.02760994214793743,94
653776,2316.173945534686,-104.85267801733545,1.5819191848970435,0.04526977700421819,64
654686,1682.7426245160775,160.60196499783075,2.177397747355269,-0.0954405995652583,94
655816,2384.6053693933386,-15.663423549229435,1.5365225823223525,0.006568560043632849,94
663324,2310.6033772993715,133.54453604195646,1.5857329890526153,-0.05779639091415293,94
664602,1834.427754125768,13.40913809896,1.997353121026099,-0.007309711744603637,94
665844,2725.8603788928995,-142.43531364391654,1.3441627562333633,0.052253341640985385,62
666178,2246.364390485811,37.237215271779235,1.6310799866301315,-0.01657665845732451,94
667867,1476.8815359791392,86.69252075075985,2.4809031129032637,-0.05869971195305429,94
669186,1489.1032784649815,189.92557347708714,2.4605412216787115,-0.12754358695178544,94
669980,2676.993641237664,27.131134018082093,1.3686995529455235,-0.010134926583366278,94
670992,1981.1346038619315,80.17270921289321,1.8494452587207195,-0.04046807776544222,94
671473,2261.809876305086,241.55260058398272,1.6199416398276343,-0.10679615608478345,94
672849,2390.4905775040006,147.877076629609,1.5327397792237765,-0.06186055616417151,94
675415,2041.8368705267328,139.84861664599975,1.7944626492393576,-0.06849157181196508,94
679144,2304.5382919105427,164.10296423384193,1.589906322173721,-0.07120860816671215,94
682403,2092.948907345986,-14.661606922160672,1.7506399640907733,0.00700523881433526,93
685305,2106.9414338692027,6.139924525304821,1.739013691173847,-0.0029141410513862354,94
686267,3165.881331170396,-161.31452848709608,1.157339652603294,0.05095406669189955,64
688026,2396.719187099134,270.0505506522245,1.5287564849992783,-0.11267509022576809,94
691192,2422.2948469734606,45.264518651515914,1.5126151981778724,-0.018686626323823348,94
692216,2645.2975140733947,-23.821806653251997,1.3850994001646126,0.009005341186205437,89
692871,2163.4081410342924,17.182520204800824,1.693624023365419,-0.00794233870109508,94
692894,2150.1399159686725,60.94288918242029,1.7040751500812492,-0.02834368532475922,94
695261,1787.1158216141123,70.91643733448933,2.050230855597651,-0.039682060041546736,94
698935,1382.9382519753817,161.6166793042675,2.6494313789978414,-0.11686471111303422,94
702177,1844.4505764940918,8.851163378941123,1.986499419770024,-0.00479880756456229,94
702313,2321.845278476806,27.89927538393067,1.5780551934122347,-0.01201599247053764,94
702372,2430.983121258156,40.19348410059513,1.5072091484138712,-0.016533839231180254,94
705874,2413.046412505673,-59.09523978401859,1.5184125680348415,0.024489889410231003,88
709855,2400.6225597655243,14.45702433267138,1.5262707521826644,-0.0060221979810451505,94
714115,1913.0903634811432,-59.961142031019335,1.9152257885679926,0.03134255609437675,78
715266,2317.208001331291,-1.8186684382117164,1.5812132522824645,0.0007848533395218936,93
715558,1285.051430357003,249.09427452398484,2.8512477504360243,-0.19383992627811278,94
716253,1804.4133281953127,9.11844046568848,2.030576887649437,-0.005053410060325981,94
717987,2140.269013252928,137.2595353022375,1.7119343303630796,-0.06413190792947146,94
718478,2587.89332710915,-229.8955339481085,1.415823427348504,0.08883501168300363,50
721124,2530.059328679533,228.1740105936516,1.4481873837766026,-0.09018524111556635,94
721469,2562.877280511302,-108.66932419292127,1.4296431701439174,0.042401298345132385,67
724463,2658.929923785076,-197.18468433468092,1.3779979559537143,0.07415941374415085,57
724665,2493.385659043392,-128.13009659945985,1.4694878775414646,0.05138799773502267,62
725377,2184.311176654593,167.2613287031303,1.6774166790702603,-0.07657394719707533,94
726357,1665.4812979321555,-104.81847485195681,2.1999646615961312,0.06293584622180888,64
726588,1748.4811419776393,86.03665952604962,2.095533038380838,-0.04920651270435601,94
728922,2474.2928337564463,98.83229426388539,1.4808271478672765,-0.039943652956323364,94
729523,2542.670793867319,-59.793150238557985,1.4410044779832376,0.023515883527971217,89
730418,2562.7661990968018,-45.120743094854106,1.4297051370863667,0.017606265882059807,88
741366,2508.2809376564815,220.54844976537856,1.4607614103320186,-0.0879281289644691,94
741619,1750.2237065966112,95.15129453514828,2.093446675525161,-0.05436521867263143,94
743962,2339.283296404581,53.95895570191436,1.5662916952519068,-0.0230664476529405,94
745652,2476.1191497373275,-101.70735176690783,1.4797349313294095,0.04107530599959101,66
746658,2339.9465531929463,-96.993250858382,1.5658477305818512,0.041451053967891276,65
752133,1861.1856023265,107.74950764733381,1.968637622932374,-0.05789294066784414,94
754492,2296.7771130746733,73.32056624637897,1.5952788710503296,-0.03192323966874846,94
755165,1852.3370529165686,266.67436476619434,1.9780417361035376,-0.14396643653286875,94
755862,2007.392205832686,221.41259467719726,1.8252536745703547,-0.11029862227912415,94
756317,2281.4107424887816,-53.13765025542756,1.6060238219107172,0.023291575368607195,88
757446,1581.142523759106,65.09794662687557,2.317311655934077,-0.04117146028816408,94
757512,2693.9277351305946,12.559895715009532,1.360095874963171,-0.004662298676842815,94
758709,1749.6306121183438,156.69715098003235,2.094156317694886,-0.08956013337598911,94
759575,2579.282381189814,167.98771812730593,1.4205501602774528,-0.06512963425501855,94
759724,1847.8119252446083,95.07454377439393,1.9828857850427444,-0.0514525003738182,94
759881,2243.7602081844116,15.39334496139486,1.6329730720043418,-0.00686051250273786,94
760666,2272.3818754478957,-3.737504810399173,1.6124050449389413,0.0016447520774484684,94
760885,2447.6572221195056,142.88438857012818,1.4969416333661394,-0.05837597980586512,94
761363,2829.846595528135,-6.952615660841275,1.2947698316191543,0.0024568878298308274,93
761392,2716.8729914239493,-203.40529933073253,1.3486092325867793,0.07486743030417668,55
762002,2105.868113995227,133.86760713090922,1.7399000325090181,-0.06356884661544035,94
762820,2457.575159271,236.9373542111946,1.4909004862691022,-0.09641103073383857,94
764040,1556.08747042083,233.89149043225348,2.3546234190865274,-0.1503074183670405,94
767011,3008.5572940074303,-137.53758173033614,1.2178594728104755,0.04571546036510231,62
768803,1862.2706189042203,24.593022884087816,1.9674906336416005,-0.013205934000375633,94
771893,1946.9270996675034,-138.74570150459863,1.8819400072173933,0.07126394281958151,62
772029,1884.3796746995667,255.73644094359418,1.9444064533248397,-0.1357138608408983,94
772361,2194.5959658239426,136.07089632321077,1.6695556070724764,-0.06200270958400495,94
772764,1873.9964321223672,109.18617996785309,1.9551798163512992,-0.0582638142187901,94
773086,2160.9358325320627,403.3031222201754,1.6955616843591008,-0.1866335483676105,94
773856,2361.2259625120814,94.44904360779464,1.551736283681174,-0.04000000216299137,94
773922,2755.7330523260885,46.136652589973494,1.3295917748300228,-0.016742061627134014,94
774525,1635.360113299128,108.42182547975085,2.240485120190655,-0.06629844069085421,94
774547,2722.735457334654,-43.10993637279128,1.3457054706250349,0.015833318017238647,88
775638,2460.523538843268,-24.306680181405596,1.4891139800769824,0.00987866191795611,89
776841,2171.3505153749043,3.434973128415436,1.6874290788409976,-0.0015819523858967353,94
779264,2074.2295324664055,38.72693757364499,1.766439028395881,-0.018670516916030947,94
779483,2273.3659068034385,-117.37867751139959,1.6117071119237119,0.05163210953420376,63
779660,2255.713935291037,129.9183100952768,1.6243194416969644,-0.05759520658301668,94
782273,2562.237456157003,172.19913972926412,1.4300001708254964,-0.06720655000787425,94
782798,2180.7845638398157,86.89614407525744,1.680129280422186,-0.039846276205410716,94
784384,1865.6068715502433,89.45115339134134,1.9639721829258514,-0.047947482803282704,94
785150,3751.9609696714906,-267.0875210649201,0.9765560008799367,0.07118611393452352,48
785823,1584.288129702317,-19.459713647871837,2.3127106309181618,0.012282938490190076,91
789475,1691.3899106707113,14.894525154385576,2.166265730263852,-0.008806086083651306,94
791776,2111.5700661111214,98.05698380941936,1.7352017149722097,-0.04643794936438501,94
791910,2021.9225353382046,96.11710842921309,1.812136684745505,-0.04753748313761966,94
792576,2309.14347751903,64.70818099660869,1.5867355301527835,-0.028022590032444363,94
793966,2444.7580635678987,51.11780284374419,1.498716807442586,-0.020909145819174628,94
794546,1443.8529647868831,234.8169353789204,2.5376545184023063,-0.16263216622862983,94
795643,2113.4812146342956,-42.71728699602079,1.7336326316172141,0.020211812955911387,86
796807,2342.421553280948,72.6511593725844,1.5641932575577453,-0.03101540765402558,94
798855,1837.548550803866,3.878697395755921,1.993960920595607,-0.0021107999535898633,94
799148,1399.213061109202,156.61508460024572,2.618614778435121,-0.1119308338046043,94
799457,3149.055634451976,-86.8181824362963,1.1635234258532363,0.02756959308259573,68
802965,1497.8701153147827,189.7573273934791,2.4461399974122573,-0.12668476755983674,94
803117,2644.6244548124187,205.2106726214924,1.3854519091860569,-0.07759539251331919,94
805365,1416.1874547163366,14.700210440865703,2.587228115739736,-0.010380130392985416,94
805851,2151.8343388656913,94.05569617739076,1.7027333070311654,-0.04370954328527487,94
807302,1919.5000688765929,-109.3832020967829,1.9088303560959983,0.05698525562481513,65
808853,1756.8060994531581,27.03729141808958,2.0856029593365455,-0.015390025926313377,94
810073,2411.186270003577,-127.00428030347464,1.5195839680998864,0.05267294438570531,66
810199,1908.526372808944,232.60056611913166,1.9198058000148948,-0.12187443120148934,94
810621,1804.6138750690752,112.58318861534036,2.0303512294893293,-0.062386303336513474,94
811127,1418.5614633991088,83.0567925029489,2.582898305456887,-0.05855001326761763,94
812232,1682.754560383169,107.78643928622336,2.1773823029578923,-0.06405357134297708,94
815964,4318.1489923515655,94.04978138285895,0.848511713349814,-0.021780114940323444,94
817302,3034.2326034723947,44.317506827817226,1.2075540931855044,-0.014605837000465948,94
821470,1957.231221875515,151.84158530699875,1.8720322663200597,-0.07757978904582193,94
823061,2311.6112510293146,-8.731948746731632,1.5850416017695421,0.0037774295928190644,93
825822,3115.2329837227026,79.88652898060957,1.176156011169836,-0.025643837683416278,94
828078,2459.4998307364162,302.24314691308723,1.4897337882324375,-0.12288805355298214,94
829685,2842.2884493644706,151.42154935484444,1.2891020968752354,-0.0532745187733152,94
829814,1867.8856647072862,147.66180968562173,1.961576165623703,-0.07905291660812741,94
831061,1636.2219611310657,291.7178811559163,2.2393049885892005,-0.17828747449047894,94
831209,2779.089651787594,186.40626202945094,1.3184173449183998,-0.067074576708797,94
833492,1930.8323742338378,92.55053010506413,1.89762718343372,-0.04793296991500288,94
833934,2206.5289021807266,125.98476985360048,1.6605266291227119,-0.05709636059110258,94
834741,2044.6904369599347,83.77731065711566,1.7919583002733999,-0.04097310240354846,94
840268,1971.3542807602007,-52.19423028200427,1.858620764293608,0.02647633192643432,85
843202,3294.4518428500555,-253.36800127205368,1.1121728817957908,0.07690748365981974,51
843446,2427.4960919170167,102.20376585887345,1.5093742116414715,-0.04210254599345706,94
843467,2192.5970965463616,25.410524738129993,1.6710776484066763,-0.011589235787165376,94
843797,2845.6008587830856,-145.6968029733031,1.2876015231338174,0.05120071654589323,59
846640,1687.9760710867936,275.30906192629584,2.17064688460954,-0.1631000975914544,94
849374,2115.0902562228043,135.9941460376681,1.7323137815136496,-0.06429708880628611,94
851152,2412.5240768580593,-117.0664710859605,1.5187413195775419,0.048524477831707914,63
855634,1619.468397551345,97.15314976517487,2.262470824092653,-0.05999076605142253,94
856000,1671.1954005086454,35.23483137189555,2.192442606582584,-0.02108360958938223,94
856345,1956.5316143120626,118.01446929920013,1.8727016589958356,-0.06031820208573286,94
863514,2895.154308862109,51.04420594574748,1.265562940387821,-0.017630910307440413,94
864035,2027.7189763336655,-23.8357039665365,1.8069565076640486,0.011754934606191841,90
864737,1895.2448384717925,73.23058176517083,1.933259453145073,-0.03863911420765003,94
865055,3375.092785379512,26.658768624816105,1.085599784359114,-0.007898677257199749,94
866523,1739.6120048871007,103.04241790071228,2.106216782654239,-0.059232988511941,94
867850,2094.9475330634104,88.74601824194269,1.7489698153166573,-0.04236192880313843,94
871763,1731.4240282449005,36.499581803357955,2.1161771699068432,-0.02108067186774382,94
872311,2139.8707561513543,259.9425864551266,1.7122529430655218,-0.12147583479417423,94
872935,2031.2582786758142,173.31290435248144,1.8038080329147395,-0.08532292824202782,94
874009,3020.9160393709603,-93.10171622473712,1.21287713800975,0.030819034693901494,66
879827,1922.3212178953816,-198.75523594087116,1.906029005917889,0.10339335283333902,55
880105,2568.88454656133,-75.57720889801027,1.426299988804314,0.029420243505756918,68
880911,2211.4207939415082,69.81620625051329,1.656853372292615,-0.03157074693418114,94
882213,2299.7583171595534,-21.15710043782218,1.593210892058184,0.009199706021262901,94
882409,1583.3559450565062,39.63477585175531,2.314072215688204,-0.025032132525539503,94
884237,2478.94013608688,148.13393018794733,1.478051021346482,-0.059756961465710697,94
884914,1428.2118539685953,95.77170891960242,2.5654457283902135,-0.06705707465841292,94
885725,2242.181455734462,185.80857759683397,1.634122872004487,-0.08286955416637742,94
887147,2031.8501410314839,179.51232080974347,1.803282597475394,-0.08834919327200612,94
887442,2983.4005157791025,106.07693219894418,1.2281287680354114,-0.03555571289805272,94
887682,2483.4676498517715,-206.3506738823941,1.4753564437284656,0.08308973700330276,57
887702,1361.191029830874,17.94387047082057,2.69176031850228,-0.013182477754830687,94
888645,2379.825141597088,117.02979441016691,1.5396089132586896,-0.049175795466900915,94
889403,2696.731082834562,-20.553797435762164,1.3586820070129986,0.007621745292510906,91
890159,2091.7165589110364,177.83886125924943,1.7516713650283031,-0.08502053516841387,94
891263,1623.7807398149134,235.74820579133655,2.256462285922692,-0.14518475309554926,94
895750,1802.378461750897,-171.0054519180996,2.0328693877315063,0.09487766057300673,61
896005,1855.3013947816817,97.63069554851222,1.9748812836046796,-0.05262255276857628,94
897723,1823.6732909111793,16.85419901349843,2.0091317991334514,-0.009241896066305499,94
900239,2280.475179979495,-92.58918444026841,1.6066826914700054,0.04060082971001725,66
900338,2069.626496224032,134.4953807242182,1.770367748327948,-0.0649853396106016,94
901804,1759.442806062553,117.5885109418785,2.082477468079593,-0.06683281237486154,94
904904,2769.644953908018,-124.23348672641575,1.322913247356861,0.04485538355778061,60
906188,1914.920888292183,199.70355361518835,1.91339497229451,-0.10428814831786258,94
906763,1805.346602374964,74.60049335078901,2.02952718064218,-0.04132197842378344,94
912562,2374.3549158107758,90.45094658904799,1.5431559854853656,-0.03809495622863169,94
913379,2440.427867117936,61.610033601048315,1.5013760698967358,-0.025245586821546876,94
913473,1841.7485479244995,83.55931928105531,1.9894138122867149,-0.0453695589309517,94
915582,4270.25352772111,-231.6047431725031,0.8580286805489399,0.05423676642826936,56
919516,2572.8865183456232,-88.5475889499109,1.4240814640965849,0.03441566051146608,67
920872,2086.8219242827295,-36.74355957080479,1.7557799050148322,0.017607424545069448,87
924431,2648.6525673137926,196.70829432499477,1.3833448921222429,-0.07426730736696514,94
924435,2605.6518031396245,-122.97425636062434,1.4061740696071292,0.04719519937869256,63
926042,2330.474430936765,83.05252147124253,1.5722120574938925,-0.03563760252793611,94
926959,2554.0805239316846,-5.875199803415796,1.4345671429183189,0.0023003189399728352,94
927608,3094.6002298969165,-29.9588520994632,1.183997843922493,0.009681008813361702,88
933453,2067.6502158935687,60.68618329948043,1.772059883163818,-0.029350314106805494,94
933687,2040.0748075902525,53.0510424447416,1.7960125708958372,-0.026004459369509972,94
935745,1763.2635704541294,-89.29507146258896,2.0779650084055983,0.05064193065565971,67
940732,2134.8330725789356,-23.126904294739177,1.7162934409545145,0.010833120674302303,90
942618,2207.785697898464,322.0476092432615,1.659581364028071,-0.14586905311951723,94
943218,1667.2330664363433,-8.134169327531538,2.197653149857255,0.004878843570993983,94
951866,1748.7696944336567,111.50509644141658,2.0951872688911135,-0.06376202469446829,94
952178,1741.4241696163406,-44.66162545227547,2.1040250066169857,0.025646609385302742,88
953135,2255.9329795683198,-116.78764359880458,1.6241617251861438,0.05176911045520168,63
954638,2440.318060228,-59.81585993123767,1.5014436272531093,0.02451150155633772,79
955816,1898.7260444827257,82.65869669685651,1.9297149320971114,-0.043533766725876145,94
956159,2616.43588782916,-61.36433074437187,1.4003782844608499,0.023453405080483533,88
957809,2219.5375451361574,70.52785788070412,1.6507943323730674,-0.031775924689923456,94
959321,2112.321323666724,147.74024499520408,1.7345845818759038,-0.0699421263895332,94
959593,2236.5109000826296,-61.87639613569928,1.6382661045222855,0.027666485387311642,94
960375,3530.8757583286183,-105.48627643148862,1.0377028960470696,0.029875386066096472,68
963574,2014.3908930545301,194.2213164354663,1.8189121151377319,-0.09641689560111046,94
963708,2247.6360509460374,254.06901368057322,1.6301571593220399,-0.11303832467611237,94
964211,2458.648479836568,187.0502774635616,1.4902496351343215,-0.07607849556273097,94
964424,3358.3152307179494,123.76407293611385,1.0910232507317965,-0.0368530243391283,94
965084,2346.240863324557,-19.713161337127616,1.5616469976608522,0.00840201943682569,92
966257,1681.3221814964872,112.40000537893764,2.1792372933180477,-0.06685215160778658,94
974371,2697.9046480057173,-52.30765392659177,1.3580909920995234,0.019388251532631972,88
974945,2362.5106488619617,-162.06240963723775,1.5508924803217183,0.06859753614880186,60
976212,2031.7294207687396,40.43803836684111,1.803389744001277,-0.01990325973206643,94
979241,1388.200092293452,195.30522667078577,2.6393889615341317,-0.14068953586375368,94
981888,1987.3671030452874,25.565136848983343,1.8436452904878873,-0.012863822093970112,94
982254,1985.8105264710664,234.5982373878312,1.8450904309139713,-0.11813727153754683,94
982990,1679.8812052937803,58.87618487782322,2.1811066094755396,-0.03504782641313429,94
983175,2167.014245123893,112.8746822114361,1.6908056826320128,-0.05208765123045271,94
983479,1804.025742284161,148.30808884676742,2.0310131469414836,-0.08220951917182048,94
983776,2283.5364914662246,-24.089931404969917,1.6045287709185678,0.010549396296050489,89
985064,1889.7118401990144,-85.92049493627155,1.938919957031188,0.04546751155838811,68
986130,2269.4398544616015,-36.34147041640864,1.6144953094027874,0.01601340980461024,94
987554,1642.9047222442487,93.87864533022838,2.230196280034356,-0.0571418683379203,94
989545,2470.5260064359836,-58.89218629855117,1.483084974800868,0.023837913928099013,79
992383,1420.3290898282803,176.5093445558328,2.5796838396395745,-0.12427355450219851,94
992545,2091.4903100341294,173.16101656598732,1.7518608536800775,-0.08279312399164863,94
993886,2595.4525887896284,4.450107936780171,1.4116998383348167,-0.0017145787813660077,94
996834,3393.6100807851863,-237.302986198981,1.079676189302294,0.06992641480605094,55
999484,1789.82393784533,65.76708371029736,2.047128727315429,-0.03674500173993131,94
1002347,2120.047730184057,114.07240792661707,1.7282629762688886,-0.053806528175058405,94
1003277,2082.4505179330054,-91.55208580013164,1.7594655759872777,0.04396363083383332,67
1006802,2474.494425809802,46.769990623089825,1.4807065078762183,-0.01890082682557828,94
1008428,1915.2330132266738,168.63457197372998,1.913083146904984,-0.08804911507327466,94
1008942,2890.775454523796,158.1360174185885,1.2674799747127297,-0.054703666855590694,94
1009712,2268.9550922412955,-44.31534867817851,1.614840246300629,0.01953117046243669,86
1010755,2549.921777763325,220.2144213624294,1.4369068227708122,-0.08636124577734751,94
1011728,1901.5924200001173,94.54275336759775,1.9268061659605134,-0.04971767470949002,94
1014774,1265.1730422604103,208.06398162219028,2.8960465308790857,-0.16445495965552237,94
1015220,2048.5636677794964,-118.38317835017327,1.7885702346617944,0.05778838129961202,63
1016466,2353.199423820285,152.45897452392808,1.5570291080777612,-0.06478795336283893,94
1017213,2187.5117569623535,-91.31834609475823,1.6749624262993419,0.041745305278526004,68
1019068,2408.990812579718,-24.624679890863007,1.520968855865552,0.010221989956239458,89
1019363,1910.9617802540038,64.58612542674905,1.9173591213912105,-0.03379770652355188,94
1020965,2834.5286048623925,-36.133565375246775,1.2926311605092713,0.01274764534507174,88
1022531,2311.0477068067003,29.66714626345066,1.5854281108989945,-0.01283709815945053,94
1022634,2252.599174423712,204.37395912712907,1.6265654545209403,-0.09072806269646909,94
1023858,2489.6361207693744,3.3272243928968237,1.4717010126233672,-0.0013364299967935109,94
1024525,1837.5483269995061,129.5376107548987,1.9939611634502523,-0.070494804872108,94
1027192,2018.86029803921,-41.087248124453765,1.8148853605960795,0.020351704456400072,88
1031082,2701.590359756438,19.056342406596684,1.3562381827311258,-0.007053749780301522,94
1031368,3356.1861848998396,-97.57602133051807,1.0917153572960514,0.029073482803049583,67
1032014,2124.0587887280817,-3.4618882121959587,1.7249993359148303,0.0016298457606575896,94
1032400,1982.7003582121597,197.90722594953382,1.8479847369896587,-0.09981701225292092,94
1033818,2067.429172232121,63.60984879737913,1.7722493467788911,-0.030767607254328384,94
1035486,2056.047517393092,-94.30033984241683,1.7820599811066944,0.045864864038736956,72
1036012,2301.7940709138147,145.18160112703782,1.5918018237597544,-0.06307323620370635,94
1036920,2834.278757854778,-113.91289776150708,1.2927451083792567,0.04019114120155422,65
1037239,1941.1320529557893,119.96390610988027,1.8875583422677378,-0.061801002114827544,94
1041685,2758.4598525085494,-140.1365828663696,1.3282774431782831,0.05080247324931305,64
1042216,2334.021057735258,49.52224922575817,1.5698230261706567,-0.021217567451516692,94
1042733,2157.0916405085723,-90.09190072410121,1.6985833755009814,0.041765448918461553,67
1046158,1779.373130361365,85.89413335959404,2.059152146045891,-0.048272131288253285,94
1049703,3043.897977379784,113.67857577228551,1.2037197130877577,-0.03734638171747829,94
1051408,1351.9881512172965,219.46648039235328,2.710082922473119,-0.1623287010280017,94
1052102,2860.049954856294,-215.21097967355317,1.2810965045483276,0.07524727996730626,56
1054074,2347.7132495337055,53.15417517300273,1.5606675988763665,-0.022640829404340593,94
1056356,1880.042485461743,78.02540755771253,1.9488921278819467,-0.04150193847270919,94
1057686,2433.6382398585224,-90.66133750431999,1.5055647712919746,0.03725341590194215,68
1058979,3313.744014658495,-8.02295287899625,1.105697960914341,0.002421114257319322,94
1059210,2508.8435675978153,171.55467207589606,1.460433821909523,-0.06837997964143991,94
1059845,2067.9458689867242,75.71617559376415,1.771806532728697,-0.036614196110880036,94
1061697,2029.877802143366,-100.40407581258347,1.8050347642262752,0.04946311334926956,66
1063300,2556.5866671105196,117.00516777452447,1.4331608809260867,-0.04576616520759881,94
1066269,2245.1581182964997,130.78562190144066,1.6319563286616259,-0.058252298951965785,94
1066882,1912.0810575055887,85.22993185637398,1.9162367545128463,-0.044574434499947906,94
1068125,2020.038280526763,58.7914532160637,1.8138270127457896,-0.02910412826470433,94
1068484,2299.294575666976,-37.06433573583638,1.593532224524625,0.016119872646194022,87
1069953,2482.1786918524117,153.59115875781737,1.476122574102678,-0.061877559122544334,94
1070633,2043.1329976490708,90.87768420141816,1.793324274149543,-0.04447957343255994,94
1072365,2289.1566676194134,-245.63535242980112,1.6005894449375289,0.10730386255530831,49
1075252,1962.885312009338,107.52694979902827,1.8666398783377158,-0.05478004707720628,94
1076851,2030.0919551198137,86.41674082670619,1.8048443523750406,-0.04256789482307267,94
1077284,2249.6235032904874,51.36203360826795,1.6287169807039832,-0.02283139091191995,94
1079702,2556.8416334088847,54.719490743174106,1.4330179672156727,-0.021401204528346117,94
1080899,2082.0678966541277,216.24079324652428,1.7597889126901332,-0.10385866550943036,94
1081125,2864.6871124467402,-30.439978931897713,1.279022754031439,0.01062593495800622,94
1082659,2436.8776888145635,80.27112021540142,1.5035633576596859,-0.03294015148312589,94
1084994,2332.7033827046853,101.66087205221902,1.5707097726894554,-0.04358071103508536,94
1088916,2062.2192541356944,23.094964273491826,1.7767266951135294,-0.011199082845907796,94
1091186,1736.9919387405293,84.25153901755851,2.109393784899612,-0.04850427750323829,94
1092973,1670.5016556064277,22.86007167240956,2.193353109051478,-0.013684554933356751,94
1093246,1519.8329181509778,141.84191193540875,2.410791315441178,-0.09332730607517899,94
1095873,1589.463358112941,129.96403644341058,2.305180538637903,-0.08176598458847634,94
1096126,3242.7266841783385,138.70266161359814,1.1299132973115205,-0.04277346662928623,94
1099180,1537.0268829117776,95.97992487849189,2.3838229771614907,-0.06244518293438395,94
1099584,2276.3340667450925,27.622970959932957,1.609605573069122,-0.012134849345478878,94
1100836,1561.481374295746,238.27920318386953,2.3464897246389023,-0.15259817190668534,94
1102630,2022.3766009644075,-117.74435955842105,1.8117298223549234,0.05822078810755251,63
1102755,2410.0961970976805,-30.059637577937337,1.5202712673512007,0.012472380817884435,88
1106400,2107.957765791756,190.544809683631,1.7381752421513954,-0.09039308698486268,94
1111058,1957.213488503385,221.66833162457527,1.872049227906015,-0.1132571040035482,94
1119611,3224.025076061827,-53.10029529749778,1.1364675874281989,0.016470186814539368,84
1119778,2865.583655574376,-13.599702244357843,1.2786225915521527,0.00474587514410984,93
1124437,3282.392760101693,-95.98314270488063,1.1162588598588319,0.029241821354098693,68
1127653,2148.7356249862582,80.31108252306603,1.7051888363527423,-0.037375971985189965,94
1129914,3308.4023782029694,-15.683839981906146,1.1074831840709114,0.004740608362887577,94
1131723,1575.310223648561,50.661850172795596,2.325891081639681,-0.03215991962234471,94
1133012,2088.659879043181,6.104123001482947,1.754234874123443,-0.0029225069446344024,94
1135222,2300.541181706314,67.70694230305219,1.592668729052008,-0.029430876022325265,94
1138400,2032.7728347180666,122.36914487584846,1.8024640714505489,-0.060198140582108046,94
1141720,1587.579614559759,58.301938833121085,2.3079157520021694,-0.0367237890298109,94
1142345,2672.4100115072915,246.4990744631521,1.371047101388994,-0.09223849386947994,94
1142401,2190.455167102121,-74.52484948422466,1.6727117062374375,0.034022540430634726,68
1142500,1794.4369901011758,176.8365125875311,2.0418660673024873,-0.098547072738152,94
1143909,1829.4873974865488,115.45112904852323,2.0027467830791323,-0.06310572524693878,94
1144712,1997.8991880145632,50.4669408925742,1.83392636724636,-0.025260003705555506,94
1144817,2113.9026732047346,120.96383563220667,1.7332869892468963,-0.0572229919406943,94
1144918,1542.9249205568285,140.93440731869674,2.374710493805294,-0.09134236244485228,94
1144926,1790.510328906716,17.67356206124856,2.046343961744826,-0.009870684226680793,94
1148174,1954.1792890747995,-42.959612243624235,1.8749559062898011,0.021983454887582674,88
1149548,2187.56743524498,-40.423425260976074,1.6749197949135122,0.018478710466106916,88
1152207,1550.2365691131263,223.02684970357194,2.3635102364383878,-0.14386633249863484,94
1153571,1809.1517721357802,82.69930849803137,2.025258497618745,-0.0457116477300306,94
1154279,1842.235377462331,410.2978110698881,1.9888880893423835,-0.22271736613541265,94
1154809,2343.531369446164,-24.515264401326988,1.5634525092215414,0.010460821954826477,88
1154949,2370.7182687470636,123.19012064585831,1.5455231641406477,-0.05196320552714385,94
1155173,2536.923198638062,122.79168951833708,1.444269184801103,-0.048401815862718016,94
1156032,2575.486390648441,-133.2342780808899,1.4226438987617789,0.051731695638020804,61
1156206,2116.5775640011448,101.34960813249057,1.731096493848131,-0.04788372033052305,94
1156330,1609.651372416928,116.01871275029413,2.276269298300551,-0.07207691972211933,94
1161137,2773.218235155036,-86.86004714714767,1.321208678622137,0.03132102841603152,68
1163612,2334.0883083993735,32.536681559179385,1.5697777958164008,-0.013939781730662869,94
1163904,2069.7925434287763,107.39491154072584,1.770225722202232,-0.05188679990257266,94
1164559,1694.4328485732628,202.26165935490843,2.162375453878353,-0.11936835356161543,94
1166748,2147.640394018996,114.72309941261369,1.7060584305472843,-0.05341820713193335,94
1167761,2782.397917275229,-154.36144594435646,1.3168497493658686,0.055477846998793365,62
1168551,2815.120472968059,-153.12392784460846,1.3015428771817157,0.05439338362779398,62
1168913,1784.8729645622827,181.9866904812248,2.0528071592470725,-0.10196058436341138,94
1169119,2152.386989173966,62.81797292706034,1.7022961105178185,-0.02918525954813003,94
1172491,2010.2064235997811,-102.44902695261251,1.8226983840986264,0.05096443118968435,67
1174123,2172.208223045683,106.09533163923857,1.6867627887268815,-0.04884215542213575,94
1175146,1835.1318513712881,70.18566662232615,1.996586783266883,-0.038245571602869004,94
1175714,2608.372775090498,-9.578374814208871,1.404707193308624,0.003672164847632466,93
1176708,1689.7630896985916,17.515248562014165,2.168351304592385,-0.010365505477539111,94
1176838,2844.867520673269,-106.3915744637595,1.2879334356957592,0.037397725444375265,65
1177172,1987.7058199084136,-40.08584733316263,1.8433311223935664,0.020166891363737942,94
1182775,2238.9793366416825,-91.83671554499375,1.6364599440635088,0.04101722335800678,66
1184684,1977.6131476228147,36.5073301443914,1.8527384915519511,-0.01846029906722402,94
1185105,3058.2330881998864,68.56759347709237,1.1980774173614985,-0.022420656470449774,94
1185795,1701.0919279621,-26.03349998394185,2.153910638086123,0.01530399360317338,88
1188293,2472.8297087543774,-129.85431980519948,1.4817033243448223,0.05251243922923029,62
1188386,2372.359736870884,-8.629824986511665,1.54445379554147,0.003637654463776353,93
1188931,1483.2306403020834,-16.11476698229373,2.4702833803741866,0.010864640025917818,93
1189706,2029.5289487877192,55.25289437199382,1.8053450295392854,-0.027224491872854313,94
1192049,2292.167419175006,13.984053315466781,1.5984870779285145,-0.00610079926906033,94
1196360,2190.5406233740982,-90.2501138216594,1.6726464512474215,0.04119992702196355,67
1197587,1772.8224792476826,40.62229629732451,2.0667607969156956,-0.022913910881005438,94
1199060,2219.5234220312927,165.5975531368603,1.6508048365836716,-0.07460950918251927,94
1201648,3511.86052864836,-196.9965037203347,1.0433216154544143,0.056094626228267226,57
1203244,1962.4040768160394,99.98028544739009,1.8670976295283515,-0.050947858613097696,94
1204856,2889.323482270096,119.21627537702187,1.2681169216543566,-0.04126096510431415,94
1205168,2512.897186385097,-32.25405020258518,1.4580779587209496,0.01283540384275885,88
1205952,2004.7792154877218,137.86491597220572,1.8276326748073473,-0.06876812913219774,94
1208061,2617.776960909922,56.78246763674355,1.399660878185137,-0.021691102215601415,94
1212934,3142.4985993757355,-3.473225165753945,1.1659511958821118,0.0011052431865662276,94
1216765,2316.5166886378593,230.34187864631912,1.5816851300797137,-0.09943458632355591,94
1223859,2459.5790693949302,61.79294806841574,1.4896857944483013,-0.025123383442849485,94
1226085,3221.473075420682,-5.201616016284163,1.1373678792958808,0.0016146700265700343,94
1227851,2359.6867548281307,100.27332253392944,1.5527484707464358,-0.042494336304918966,94
1230494,2638.28932614536,47.314154660644135,1.3887786921964476,-0.01793364897161294,94
1238529,2037.5481653210122,219.85984180291717,1.798239699243008,-0.10790412003255817,94
1238735,2523.826401060344,142.38485812507537,1.451763876651988,-0.0564162646310597,94
1239389,2265.2246271233057,-82.87675072098364,1.6174996316603938,0.03658654851648507,67
1240650,2644.9009877859476,54.74284648816399,1.3853070556970613,-0.02069750313564265,94
1243276,2070.8833737025616,53.554686953534315,1.7692932622512116,-0.02586079333757127,94
1243450,2023.284776927274,-32.77095629875848,1.8109166054046286,0.0161969074608109,88
1245011,2182.232282254617,297.40269369141674,1.6790146630103304,-0.13628370183587843,94
1245225,1758.8840670852803,173.78644209889552,2.0831390019194194,-0.09880494419787669,94
1245416,2457.1266401820067,205.2949056220083,1.491172632326593,-0.08355080371714235,94
1250415,1958.1525459608874,-22.826253269671213,1.871151462411747,0.01165703525844056,94
1251116,2495.1850401578376,-31.22715979188368,1.4684281690660612,0.012514967543212085,88
1254815,1850.4896822242792,105.39076318086694,1.980016443861438,-0.05695290505710238,94
1257122,2230.6425598769274,157.2335761386534,1.642576029842341,-0.07048801944643635,94
1258290,1665.7630766930886,-53.30323733823221,2.1995925178470506,0.03199929094601558,88
1259481,2099.705018759976,-30.84726355787393,1.7450070211118751,0.014691236760529065,88
1260319,2508.029162663246,-56.006549080438816,1.460908052643711,0.022330900259934033,79
1260684,2498.3133015065614,136.59451151085875,1.4665894777050152,-0.054674692492926315,94
1261449,2331.0671744309398,217.239297122655,1.5718122755919532,-0.09319306603666944,94
1261536,2521.2505253479426,-9.880040315429227,1.453247094314181,0.003918706299155156,94
1262899,1839.5552270199805,71.56581054564703,1.9917858111471654,-0.03890386626857695,94
1263286,2593.0161505790365,-129.36044973489368,1.4130262934080862,0.04988802314478708,62
1263573,2107.5337555574242,34.29948321742978,1.7385249419319047,-0.016274701710937894,94
1265011,2548.763792536927,-53.53305853049699,1.4375596556764547,0.02100353853395435,84
1265529,2342.8701470244987,4.771371295367942,1.5638937585394428,-0.002036549614765333,93
1266845,2599.467470159051,108.10304206399258,1.409519465837291,-0.04158661083663347,94
1268128,1765.2895766158863,169.11212351801203,2.0755801476061504,-0.09579851700150244,94
1270458,2817.997082808513,14.85563346048309,1.3002142629432147,-0.005271699375102779,94
1271364,1787.7465227480898,33.733529580312336,2.0495075523166277,-0.01886930230380636,94
1271546,2277.0985550396063,-72.86708082199124,1.6090651816061914,0.03199996796832706,88
1272093,1878.4788704088542,51.07165704327724,1.950514353777386,-0.027187772962365773,94
1273451,1942.3959210071896,123.39192683701009,1.8863301556461816,-0.06352563115609702,94
1274063,2485.940227361332,-21.587823892018434,1.473889017793925,0.008683967399703951,89
1275515,1880.3005517574497,22.01819951825405,1.9486246475731712,-0.01170993621082248,94
1279384,2978.138721711661,-300.6590205073335,1.2302986336023143,0.10095534446244067,41
1281034,2210.3893206485277,106.99926366432851,1.657626539258244,-0.048407428802150994,94
1281202,2160.79917937106,202.1750670386475,1.6956689149921254,-0.09356494993555776,94
1286023,1853.8845672784792,203.6415807081384,1.9763905826018004,-0.10984587945898178,94
1286531,2021.7750574114411,-120.40666816218157,1.8122688706483325,0.05955492809192285,63
1287866,1970.4139812926248,-63.494164998687836,1.8595077150215682,0.0322237690158058,74
1288168,2103.812300079301,224.90578759145984,1.7416002367995895,-0.10690392274205367,94
1292587,3507.4563228204734,73.52989231164537,1.044631682556105,-0.020963879673494352,94
1294286,1806.2088635468917,128.40656406229562,2.028558310141898,-0.07109175835298519,94
1295460,2530.52786553227,86.77784915678444,1.4479192463779949,-0.03429239027112299,94
1297052,3054.3303601706034,2.7147048061268038,1.1996082833015296,-0.0008888052325731951,94
1298363,2470.5154106303094,-134.2242128086317,1.483091335611298,0.054330449521214165,62
1298545,1965.363393139346,15.692525329408227,1.8642862753983427,-0.007984541374988158,94
1298720,1963.327669182686,115.42259769337511,1.8662193058814718,-0.05878926859999096,94
1298773,2518.5489161971514,151.13181004949286,1.4548059703888567,-0.06000749442567599,94
1299583,2469.2332882868955,80.19506591127316,1.4838614145454072,-0.032477719416665926,94
1301451,1285.7273662784164,224.6406652773934,2.8497487850830914,-0.17471873988933112,94
1305057,2625.1610571308433,79.58200725031367,1.3957238890342791,-0.03031509515735862,94
1305491,2420.921655978652,34.93285531172171,1.51347318115457,-0.014429568683254306,94
1308165,2381.707280112279,-26.199275105784153,1.5383922409756714,0.011000207844411955,94
1309199,2447.8927155907804,1.9331952331062894,1.4967976237944405,-0.0007897385456452601,94
1309861,2363.884393028198,12.277001472717131,1.5499911970340987,-0.005193571017654536,94
1309870,1840.331896214763,90.72024590413201,1.9909452243566497,-0.04929558961116063,94
1312337,2587.0762870602402,196.3021749576016,1.4162705670204627,-0.07587800017318573,94
1314429,2224.0603517804193,46.78463705359809,1.647437308554541,-0.02103568683113556,94
1314492,2330.1328425099373,33.315192922108,1.5724425376766364,-0.014297550901098858,94
1314647,2028.2327447809894,59.90006052964037,1.8064987903524072,-0.02953312960939719,94
1315170,2343.3342751178807,198.22851580883133,1.5635840088651816,-0.08459250475430335,94
1315727,1965.7427786488859,118.29759786730364,1.8639264708470034,-0.06017959173102654,94
1316467,2036.012121248796,-33.01243525330935,1.7995963588628694,0.01621426263074556,87
1318559,2806.483602726189,-51.79914698870911,1.3055483368728142,0.01845695693300754,88
1321516,1800.5278083683277,-35.50965725769109,2.0349588509384846,0.019721804402382772,87
1322306,1160.2704875844715,209.78920817887098,3.157884337494406,-0.1808106044441621,94
1323838,1909.7903258415486,128.13803727291895,1.9185352184593665,-0.06709534315839356,94
1325564,1677.916833612386,72.9179316674572,2.183660075757019,-0.04345741708215194,94
1326844,1634.9550453186605,98.83201747953217,2.2410402111612,-0.06044937918171893,94
1326997,2105.324082661232,72.43234524860623,1.740349635562296,-0.03440436835598642,94
1327919,2747.975391599235,22.001726462546173,1.3333452734697406,-0.008006522376367375,94
1328210,1800.9382712831414,308.2452800324712,2.034495050954442,-0.17115815958136704,94
1328744,1652.8000469704807,12.629561002084529,2.216844080272125,-0.007641312102594643,94
1329534,1769.3144266474892,-83.21710822313196,2.0708586019628945,0.047033532858719966,67
1331536,2373.125955479859,-87.41932493762641,1.543955132907861,0.03683720399912349,67
1332362,1808.696308026046,23.355552507761843,2.0257684962041935,-0.012912920982987661,94
1333010,1988.133359897993,-105.78642736704006,1.8429347215359801,0.05320891923088487,63
1335412,1941.7449509742157,154.83578376282225,1.8869625478679326,-0.07974053630737536,94
1338438,2009.7120483475592,13.509913529423443,1.823146755283993,-0.006722313050037028,94
1339257,2501.5820273223662,129.23621466593283,1.4646731388304137,-0.05166179371869896,94
1339921,3147.494669331753,-7.543733647531553,1.1641004624093316,0.002396742310967335,94
1340048,2227.3992666362556,-82.91898437215735,1.644967767962522,0.03722681676975626,67
1342647,2274.9237787830125,255.37646961213613,1.6106034119350074,-0.11225715428090152,94
1344741,3471.3411420536127,209.18445262419067,1.0554998342319108,-0.06026041350128991,94
1345614,1900.6736774608391,42.05391262507129,1.927737540351922,-0.022125793145750427,94
1346702,2453.397652699965,78.17231213631612,1.493439107177659,-0.03186287883266191,94
1347259,1903.698002127157,113.69876699154815,1.9246750250858666,-0.05972521212109445,94
1348689,1784.0116589806885,187.54375688719398,2.0537982369988885,-0.10512473724210347,94
1350126,1491.4531603394967,-12.72105658209776,2.456664478263582,0.008529303447385561,93
1353092,2667.0575438822416,32.4832170576243,1.3737986300312748,-0.012179421149774236,94
1354565,2694.274374182895,99.00829415119756,1.3599208882024862,-0.03674766575368712,94
1356175,1749.9316643088664,90.41797105237043,2.093796046285666,-0.051669429667747006,94
1361482,2589.772846258016,122.0650492342528,1.4147958981399251,-0.04713349644183102,94
1362415,2459.4055564997616,43.03961093819231,1.489790892891461,-0.017500005570226695,94
1362530,2017.6963652822462,149.6147740469466,1.815932299351424,-0.07415128292904352,94
1365379,1918.5467101304903,104.24449578281781,1.909778886619233,-0.054335135669293974,94
1365415,2589.3472159370085,121.40738528447423,1.415028458697497,-0.04688725580610883,94
1365452,2117.3030185343187,152.40714814831745,1.7305033658037132,-0.07198173658384512,94
1366826,2303.301385434792,51.70826243485527,1.5907601250838264,-0.022449629371926225,94
1368934,3148.4833489335283,45.02047248704582,1.1637349142218238,-0.014299098168105416,94
1369036,2052.746610158075,156.395669600845,1.7849256122838504,-0.07618849244564165,94
1370348,1709.646518367544,38.87713793481464,2.14313307495784,-0.022739869041429963,94
1375048,2700.587773402347,36.81532348129184,1.35674168271298,-0.013632337317038912,94
1375150,2481.4910400302592,9.81827223129875,1.4765316259031591,-0.0039566019271941545,94
1375267,2877.2984613610793,-153.44694803313297,1.2734167307296924,0.053330215858297274,58
1376191,1934.9726765900748,45.791396998648565,1.8935667900266795,-0.02366513881702191,94
1377318,1612.2775032545835,166.70654156471716,2.2725616357009004,-0.10339816888110091,94
1377342,2245.5209959881554,180.38519880130838,1.631692603429715,-0.08033111207759104,94
1377380,1845.98038788493,-116.9519311966506,1.9848531566459942,0.06335491534157126,63
1378033,2667.1310400528855,-97.50152328968204,1.3737607732716979,0.036556705248253836,64
1380755,1795.4880086926876,196.87660111631902,2.0406708272408873,-0.10965074685164108,94
1382125,2290.443075011414,66.9231052657455,1.5996904878248246,-0.02921841018267263,94
1382224,2153.8009852701884,136.2553757454873,1.7011785327697588,-0.06326275114429593,94
1384062,1781.5484821848527,-16.522992430451268,2.056637827507534,0.009274511805700525,94
1384172,2191.8965102769075,206.139341252544,1.6716117676272582,-0.09404611042813418,94
1384831,2020.2646338464497,209.49239662796896,1.813623788990449,-0.1036955224173327,94
1387152,2629.5445520868448,153.6656237210252,1.3933971938570868,-0.058438113778705114,94
1387278,2294.816660386492,22.313847637141066,1.596641711404915,-0.009723586211624844,94
1390627,3117.021958193921,7.938376419098574,1.1754809716268446,-0.002546782321577954,94
1391457,2606.562993257181,-99.86512637464378,1.405682505843236,0.038312953353892114,66
1395236,2630.549561410748,-169.08322246355416,1.3928648422936456,0.06427676746484709,58
1396022,1865.6093116562063,23.961773194590137,1.9639696141671061,-0.012843939534863236,94
1402743,2978.7280557534605,1.281546420205359,1.230055222034427,-0.0004302327692284738,94
1403768,2453.1650012609352,138.10235790831354,1.4935807408456796,-0.05629558461714905,94
1405682,1736.1681390488409,95.0552564620915,2.110394677561196,-0.0547500292881584,94
1408483,2560.308365449734,-78.6433027109041,1.4310776191821706,0.030716340176895025,68
1409283,3028.1345884949064,-21.720356122944224,1.2099858486875057,0.007172850310375417,94
1409315,1997.1796615450817,-161.86674159516912,1.8345870782428322,0.08104766171609411,58
1410380,1914.2595671478646,164.0502400774751,1.91405599474639,-0.08569905716699665,94
1411274,2300.656173079721,192.7347098855671,1.5925891242998165,-0.08377379990142862,94
1413992,2889.4006317279086,66.47356913121064,1.2680830618524743,-0.02300600629808071,94
1414098,1772.7689134623288,283.45669067418544,2.06682324592661,-0.15989489014706196,94
1417117,1945.737899789329,67.44813885607306,1.8830902149753634,-0.034664555212382854,94
1417339,2539.7417772876556,-145.21973807050017,1.4426663500857981,0.05717893817756116,62
1419079,1693.018611757967,132.28588013973985,2.1641817606455254,-0.07813610507351668,94
1422156,2196.9569504544897,171.9019627867841,1.6677614002595815,-0.07824548530694803,94
1422320,2398.320697450081,-10.538946488142699,1.527735637646626,0.004394302438096713,93
1425288,1749.113534232683,166.60778490091218,2.094775398103221,-0.09525269894729915,94
1428736,2525.092089299862,-30.64898804602825,1.4510361881557854,0.012137770410791776,88
1432651,1464.2743868087944,229.60502595686984,2.5022632595419747,-0.15680464537610722,94
1432998,2968.208635091807,221.78517794481667,1.2344145747310893,-0.0747202118216184,94
1433778,2334.091307947194,123.97447059221071,1.5697757784901933,-0.05311466186866735,94
1433908,2142.815826279345,91.5846654299454,1.7098996353606117,-0.0427403346133426,94
1435461,3293.7979369535606,37.82247914410112,1.1123936774909877,-0.011482938500800446,94
1437517,2960.7239263456913,106.61699879105277,1.237535174217454,-0.03601044928314072,94
1438191,2096.455578047207,112.6875333393105,1.7477117275305778,-0.053751452937665374,94
1439153,2159.421042888055,30.850840049558258,1.696751086161358,-0.01428662564494495,94
1439318,2291.101225443005,29.515748841145523,1.5992309546652757,-0.01288277816508888,94
1441990,2066.9737514852886,172.70265627287978,1.7726398302673743,-0.08355338627245695,94
1442751,2209.333085592857,-15.534550496349851,1.6584190151738911,0.007031330222523363,93
1443147,2304.3230366151233,-164.96831550374765,1.590054841174586,0.07159079386112185,60
1444066,2376.5234476130745,150.65070075270143,1.5417478854164208,-0.06339121160534374,94
1444569,1935.9072875919771,195.8911698949792,1.892652620032001,-0.10118830129445039,94
1448233,1736.4069139402854,266.2007217112023,2.110104475272784,-0.15330549514291836,94
1448571,2210.6750867247088,289.81512445560406,1.6574122637933681,-0.13109801896984702,94
1448636,1573.432715462225,-4.656469854494219,2.328666465361776,0.0029594337328408067,94
1448951,2948.835570335456,-195.28008283147608,1.2425243499023542,0.066222777829983,57
1452797,2608.1700731980836,-10.925671208200981,1.4048163644126472,0.004189017932716386,93
1454003,1809.9123609505325,189.40889965461326,2.0244074127852993,-0.10465086804265993,94
1454127,2154.2390418522327,87.84889698521272,1.7008326043750754,-0.04077954919509745,94
1454471,1937.9572787998452,-41.13373970023443,1.8906505525596897,0.021225307776499638,87
1455187,1985.9633650733488,106.14952881770262,1.8449484338119577,-0.053449892724371645,94
1456583,2263.1386730946774,94.12551875042885,1.6189904947317022,-0.041590698735981146,94
1458428,2134.4918909379116,-50.50760680566145,1.7165677768820247,0.0236625901555747,88
1461724,2050.1749691467962,-136.7704179015706,1.7871645372418217,0.06671158313794513,59
1467402,2103.6448867830213,183.04526018829063,1.741738837681457,-0.08701338393107347,94
1471897,1885.7955831818215,114.78842649851163,1.942946538149109,-0.06087002616945049,94
1472052,2289.094440797745,190.95320108923852,1.600632955415812,-0.0834186644665878,94
1472655,2395.076563830097,55.368023161239876,1.5298049571078007,-0.023117433487260995,94
1475468,3874.9907527247397,6.524654008183802,0.9455506435527932,-0.0016837856977067428,94
1477866,2817.397895202969,-92.98903160194754,1.3004907848616252,0.03300528894419739,68
1478572,2899.5394960976873,6.182534019788591,1.2636489362987307,-0.0021322468716529932,94
1481548,1997.034888493957,216.68872990604802,1.834720074802082,-0.10850523000600233,94
1481693,2383.648431090196,259.02731893725127,1.5371394339072968,-0.10866842423518865,94
1482234,2372.43632899148,-84.11043425094613,1.544403934143751,0.03545318929031127,67
1483016,1822.8677783373705,118.35967224696952,2.0100196204806022,-0.06493047584335758,94
1487259,1970.4550854644033,-48.43922350164618,1.8594689252388905,0.024582759515287236,88
1487663,2468.8918161436004,21.883136203902552,1.4840666472470851,-0.008863546009109434,94
1487726,2499.3378478968675,111.91908291648974,1.4659882828898732,-0.04477949350091543,94
1488018,2654.7119048908276,80.34042938072162,1.3801874294720047,-0.030263332617263997,94
1491376,1969.3301705877354,-37.26963939673544,1.8605310855043165,0.018925033472478883,87
1492261,2799.203683939555,-280.5691383925319,1.3089436903152916,0.10023176948583581,47
1495153,3881.9026966806096,-184.63676403792468,0.9438670379690515,0.04756347040738718,57
1496559,3026.1759982625745,-97.02721910869758,1.2107689711714127,0.032062649087298306,64
1497149,2813.628628642848,-103.04922421710899,1.3022329822423395,0.036625026902294036,64
1498501,2606.5787053550757,-138.68200358966385,1.4056740325824457,0.05320461005253712,62
