config,esm-bell-750PgC,esm-bell-1000PgC,esm-bell-2000PgC
1715,0.0231063113858061,0.0396896147849124,0.1390614571325215
3222,-0.03033861381435843,-0.029906203868832026,0.043563308895200326
4623,-0.012623669238078894,-0.01095144216199484,-0.002271671529115782
5030,-0.0188895523298529,-0.011089340607008058,0.07848895854455318
5373,-0.03804382893908853,-0.056739821082003816,-0.1876834495655828
6476,-0.007713464455990859,-0.0028855212730691804,0.0287736572639834
7199,0.0169845090734837,0.03624558745762685,0.16489767352939122
8675,-0.00457902699999968,0.008412028339798372,0.13135166854969293
9060,0.08949178404191871,0.13298670888586894,0.39692878564539047
9458,-0.08111132109950825,-0.09158513092031173,-0.0305584645739585
10309,-0.039686276212433036,-0.03781653790390038,0.03583397952698997
10318,0.09285730631969313,0.13731785759939785,0.38484402584214683
10670,0.08569586458300504,0.11619203998593841,0.22952491621100712
10689,0.008361899907378456,0.023041610885269792,0.13437400581797476
13064,0.025411374919244167,0.04766324696052404,0.2077959517167698
16148,-0.007001272862549035,0.010825579142372588,0.15734591432449463
16292,-0.10987537086820054,-0.13163373801231204,-0.1490701307944775
16542,-0.011651418188498575,-0.00833764252722391,0.011293560168082362
20449,0.01066299182354502,0.02708649987680878,0.14947601298622137
21172,-0.027357150764960814,-0.027401166015944334,-0.018274716199916163
22332,-0.0048876539207125536,0.007057338367741028,0.11404066331033658
24507,0.11734485948756324,0.17529681554753984,0.47955636007409996
26076,0.05331057315168075,0.06607502948048971,0.07196527167427114
31262,0.029138560456434037,0.06312176730090524,0.2901048184359052
35860,-0.037509245673118086,-0.0368259371430959,0.01050854658975231
36693,0.1832146700783932,0.2514295225296719,0.586685221902143
37652,-0.010423320545606352,-7.537368132459754e-05,0.11546486985340465
43511,-0.09421582525888206,-0.11119903704960965,-0.10669676136100392
45677,0.07446380180247991,0.11247590259070916,0.31273858758048645
46201,0.03560239274596877,0.06724649146585904,0.2703637395792593
46202,-0.060853310855153664,-0.06316418961004766,0.01259876478162969
46412,-0.11166889201324204,-0.13284598447038998,-0.12004570749298438
47786,0.014991736700805003,0.030697756662071862,0.14060168285367647
50143,0.007377660546303844,0.022759122490375372,0.1299163066949096
52696,0.027068780321753527,0.045406460908894664,0.1245083516019605
55742,0.08793194178364283,0.13426898186676195,0.40785595043622935
56472,-0.1461036256040258,-0.18209189479890697,-0.3080690664268655
58189,-0.054746683803676977,-0.060932426703581344,-0.01957609598632848
59128,0.13431453045476727,0.1873048862888318,0.46090840803302324
59474,0.07861150505526227,0.10921073470028486,0.2321863403451454
60041,0.042898464079318854,0.061503166029855505,0.12197809272283378
62070,-0.16045516756560385,-0.19625253658671227,-0.2980272867132614
63196,0.1979696306889842,0.2783162997534654,0.6684203183417727
64202,0.135412982229709,0.1983772811654525,0.5060315819462171
65648,-0.03387594238630731,-0.0318933840349076,0.0350686574721113
66733,0.10117378778297548,0.10766765003706258,-0.005273454855470039
68765,0.0588171044177086,0.09153715123047745,0.2707583315685369
69555,-0.09460510315769977,-0.11665728977877521,-0.13259856167609474
70953,-0.027573362124043488,-0.026941698323722507,0.022476434767997322
71149,0.005718737744371705,0.028775242995210615,0.20496928873164855
77267,-0.08525645560450945,-0.10741086989742055,-0.20223468275165057
78932,0.08285359956305949,0.1250418676696312,0.34404124289225324
85311,0.05460644735012021,0.08800980530527514,0.2909530625726928
85573,-0.026131687611619103,-0.017440366521218387,0.10498007324892056
87455,-0.018248289360902614,-0.015343485732072448,0.06113977428323736
88027,-0.04750372256979918,-0.055009463643907575,-0.05515016940803141
89556,-0.0018500833514301096,0.010524032060014843,0.15097264550292344
90147,-0.002406873370276452,0.005845940638555813,0.06990193342022488
90509,0.005492262079493049,0.017372762388646823,0.08173214340178925
92939,-0.0488921698759861,-0.05127836502270178,0.014295798825067152
95324,-0.07856715728317654,-0.09262218242037212,-0.08045466243378963
97066,0.019547701176672927,0.04295327105457125,0.19992131018068493
100270,-0.06313509663841244,-0.07333090461825265,-0.09961422019822974
104294,-0.04354322180103354,-0.06091954367196495,-0.17862623463354543
104612,0.14146787933973992,0.21552290244528027,0.6222237676871414
108672,0.10906815372891088,0.16456880344077018,0.4522882767543237
109180,-0.13552975279567248,-0.1854605829501328,-0.4774060152492985
109573,0.09062110192209905,0.136281986077053,0.411582514315568
110429,0.14088536545785812,0.20419720441377454,0.5048703346049628
111964,-0.0167716411377532,-0.0094714505428235,0.07112387110573248
116908,0.024981424304937994,0.047231818885678845,0.244976998684312
117639,-0.02037856038618846,-0.018969115724224217,0.05352784248952247
117814,-0.058964799678791424,-0.06485127154173753,-0.046825007068798996
118399,-0.09627832107026224,-0.11380177488602294,-0.14655883264768121
120585,-0.08530768433317415,-0.1045373500332063,-0.18450797929181562
121170,0.05812310894567685,0.0855998824733486,0.2450771023353635
122076,-0.03649188322645647,-0.03181230960885029,0.07833797293203038
122359,-0.10596445296869317,-0.12740202544732382,-0.18787050412337658
123153,-0.0753510857051185,-0.09121571439310272,-0.15627646330079692
125616,0.014126396691094056,0.032115963752219034,0.16234671625434416
129706,-0.03934708215381311,-0.0377622500291801,0.07913437820776892
130693,0.034066421549771686,0.05598103312640679,0.21740659367029913
131022,0.020514794312029627,0.03478885850513702,0.16613153464082409
131055,0.010270856954469831,0.03324773813683879,0.22163119184530355
137939,-0.06353565866618216,-0.0651900966989285,0.034820106562821085
141241,-0.0035723142397947605,0.008850822961365079,0.1262124118872543
143891,0.3757508630274069,0.5466225078386917,1.271832627846016
144583,0.10257943604374242,0.15237586284409632,0.4529326671162228
145011,-0.06693880552030629,-0.07946031649677132,-0.06060695215989309
146095,0.039301267751202795,0.07373038536135912,0.2779525605116011
147350,0.008345159203193786,0.02594230244662965,0.15730408715866773
147857,-0.07658309239347205,-0.09228374940948103,-0.11567508333229748
150098,0.021368136846245944,0.03562005497773124,0.12653263730390307
151994,0.009319192874709392,0.025265906704113883,0.15381267742622828
152293,-0.03714542147693867,-0.04056241964331564,0.017861791209032862
155538,0.11922205525880969,0.15773810971659685,0.2926495114083387
157419,-0.025775000993257136,-0.023361999186158444,0.04398995715873921
162079,-0.08546877716502466,-0.09583883752185707,-0.04635279188889996
162129,-0.007990790974915063,0.0017012746474338591,0.08966703693358236
163065,0.0899883685340579,0.14193226284426896,0.4156179929845245
163154,0.007075040316089964,0.0232205008962314,0.12856651938258068
163624,0.02422903819010669,0.046998854396447465,0.1988866526557036
163626,-0.04587533882314587,-0.0509599184347469,-0.029051249144530722
163783,0.08012707110012374,0.11714404615906049,0.31463484087359506
164006,-0.10559439511140867,-0.12981124185926363,-0.16792266956626722
165796,0.16804644245707667,0.23482798754670497,0.553343190289842
168018,-0.04053825882139017,-0.04284029698422631,0.022456968013301992
171308,-0.021854338410574048,-0.016262079852323197,0.07411469961211781
171531,0.09917212228201189,0.1414555312256498,0.3490700935738573
172676,0.06888785351206361,0.1043761641219767,0.29269744992388924
173328,-0.09823170727162889,-0.12166646561949501,-0.17444087408958575
174049,-0.060190885872021926,-0.0649330382334441,-0.019478599138472052
174485,-0.11424643861169725,-0.14818329817784504,-0.2638102645239826
174741,0.009298740266930006,0.02655553299606539,0.147007441124146
175771,0.03301404292168897,0.05892917834947364,0.21828566386037274
176878,-0.09329712189988637,-0.10668451533283463,-0.06641467539392787
178481,0.1646846731701106,0.23189496810619215,0.5927540851129329
179638,-0.017164352771139257,-0.012600919651047704,0.050839918438949194
180977,0.03095288842553101,0.054167126251999154,0.183982664385403
185607,0.10876593220615183,0.16675920366875574,0.49530421208377673
186973,0.07271108233946655,0.09692160372723979,0.17288676365474887
188433,0.12989334125725893,0.18812586841270118,0.4968340417703905
191479,-0.009039783220651687,0.0067781080240618685,0.17390553991192403
192776,0.07414252075641814,0.10822582577636242,0.31266280699022175
192918,0.03377593644210086,0.058944501931110116,0.21358110408842101
193403,-0.15759143535394005,-0.19621567677111074,-0.33066455612030543
195318,-0.09791711740278841,-0.1228115142751709,-0.2252798371383684
198109,-0.05808751749445418,-0.06955523807981545,-0.10916899074216735
198239,0.14609386654414402,0.2145281481662642,0.5808671341649059
198452,-0.06803990666018311,-0.08236759371077018,-0.1210755619406072
198936,-0.0755372953080109,-0.0900494464024586,-0.0819805478474005
198993,0.07819955699192871,0.10969923973144424,0.2516742714896312
200865,-0.10716767795193416,-0.12889251603801677,-0.19437609024533087
201345,-0.0690349929521139,-0.0779628707723592,-0.05746846302426034
204242,-0.12884747669720165,-0.15686217875657427,-0.1410738921658483
206498,0.008707712078241614,0.024859762424531695,0.1354260278115813
207011,-0.05925427883881218,-0.06660256249057062,-0.0870549361859303
207925,0.06511308292640638,0.09999200388018337,0.2904485592165109
208076,0.0959810053814345,0.14028161254719662,0.37525623884363046
209945,-0.10215753697983687,-0.12436476717026435,-0.2121064304079976
212356,0.22194533719894105,0.2738142043568086,0.39430759662749804
214437,-0.06133189236808456,-0.08047834629597106,-0.2019455311010363
214685,-0.08820958958977854,-0.11009903807475507,-0.20081214478992093
216064,0.042507822239644666,0.06781182679141096,0.2622891313770097
216709,-0.01815797743179104,-0.011570716071290787,0.07939429607417114
218491,-0.16176519384903032,-0.21357977036217712,-0.4666596523289881
218909,-0.05954270262557282,-0.05937986970039666,0.0556268897204486
222987,0.12439858463763964,0.17380550400815187,0.4378873966965644
224934,-0.05513419446026524,-0.060687063288915155,-0.054178591516469865
227909,-0.10480387477451103,-0.12908670749883022,-0.1349867555374087
228298,-0.08730572281380256,-0.10587832203247216,-0.11861636369245598
228712,0.0025993308537797244,0.012011083958558766,0.06220860528814276
232204,0.13583192005889266,0.19796489214225232,0.5448873275294979
232534,0.09013711884676834,0.14088388343075042,0.41629522031912725
232722,0.034867671530548705,0.054033025134658796,0.16328231442265562
233382,-0.027493280547887355,-0.02412747945583482,0.040429931185988366
233879,-0.09797269847374057,-0.11511407102498694,-0.12685767701684592
234112,0.050139885415844354,0.0849858812209221,0.27579717102786505
234745,0.12521792537283183,0.17459826206123363,0.3996153820400594
237088,-0.06926656907400663,-0.09280135135571177,-0.21893082831471578
239009,-0.011639416314429774,-0.0025123882481090654,0.09496543742768804
240608,0.02076694788987532,0.04313266043204611,0.199843070292959
242202,0.01406749046695377,0.008131092214131108,-0.09528558495455286
243022,0.05613092912201578,0.0856968686439723,0.24817632867340933
245461,-0.07063398979851243,-0.08316900527662563,-0.049598517487345006
245466,-0.022735910865284037,-0.02352622298101803,0.011278910960606403
247192,-0.16915299673161743,-0.21499490849700154,-0.3238366441422902
253913,-0.0054217650922709915,0.0050634163239287044,0.09247330330506243
253982,-0.03613053823011014,-0.04241160051335724,-0.07350051348295628
255460,0.052312546798582105,0.0747724154863485,0.17100942780088602
257389,-0.0032172805914716385,0.011235441575467187,0.10469769472566393
261110,0.028489131846197724,0.042765934413662166,0.08920984242468055
263045,0.0174208337673305,0.03519508860510201,0.17120409959898364
264656,0.05626800604333759,0.08759650557665055,0.2714946446302302
264844,-0.06431328922764479,-0.07185338902120852,-0.005226309077787761
266010,0.01949968214871134,0.03775398932732377,0.1755687219763531
266443,-0.035590671063100876,-0.03543745267179732,-0.0012822180212479495
267159,0.03211353001454942,0.05132848912840915,0.17091349113279053
269255,0.013427840616694109,0.02766270192009901,0.11533839257803002
273231,-0.0704461809109933,-0.08116997526343916,-0.10181720059950461
273546,-0.06039398271299534,-0.062177007841555554,0.002702833800721116
274133,-0.02367511903402919,-0.015014894846345772,0.09270977570877914
275361,0.09674688946487242,0.13486099155258424,0.2904027577346371
276742,-0.002522629020000444,0.01344664692726072,0.1491419534145546
278467,-0.08268062706761148,-0.10058711691377265,-0.16081794078109457
280143,-0.10884492514586142,-0.13345103691973192,-0.1715048486374151
280595,-0.004677917155883504,0.014892490610019848,0.2031864283808522
280874,0.03524758868347577,0.05659146435990281,0.17122258510584842
281138,0.019725947302705382,0.03650952184292744,0.17897427818294886
281220,0.02634774355598357,0.04507589031156689,0.15937113497496425
281823,0.13304127701671042,0.18975105462431574,0.4927181688830098
282797,-0.09083742539584616,-0.10710915247153507,-0.09848526804825175
283539,-0.04261635194673685,-0.044485615810507584,0.00046961169249337686
284274,0.1185171328551824,0.1721278326285165,0.5108331231323442
284485,-0.11686984339081441,-0.14119926877863032,-0.15707022535092197
286567,0.03059013723759041,0.0485358425529101,0.1390098066571186
287260,0.004592573494969998,0.0167469872781405,0.086811240769475
288606,0.0011289343418785514,0.016513473956423663,0.15718212350421767
288798,0.14743190189289535,0.20455302352399474,0.45365668224548594
291287,0.018619579357168736,0.035360327161840455,0.13103652122307108
293443,0.004750401299814744,0.017961546802285566,0.12663562275107365
294097,0.003067940482450293,0.027832828665079967,0.20380187927465965
294354,-0.01588101940330988,-0.008682025967993612,0.04200015040316574
295322,-0.11846817516952068,-0.1487310766104497,-0.25941066663248336
295483,0.199672295522916,0.27921902424972833,0.7114565472450654
297213,0.002973525372957031,0.02368297037228073,0.18223448371737216
299654,0.08853618643820749,0.1457990482633198,0.48712144422186476
299783,-0.13289935010384712,-0.16984350490151678,-0.3256360221062642
303466,-0.03365178023010795,-0.03515750546566765,0.007618075406555569
303991,-0.06402089914839504,-0.07123341881822509,-0.005999394672200342
304038,-0.07126853878856343,-0.08708143474632712,-0.0641625556684664
304114,-0.08335401310266488,-0.10080231902139714,-0.1562201053778849
305141,-0.017347289139969524,-0.007676856316767289,0.10247252741434476
305377,0.03496107299698137,0.0575292714776614,0.17864679110417558
305852,-0.07174959386504542,-0.08466461743981601,-0.11875069513014891
307240,-0.08164898737513937,-0.10117349820614785,-0.16915077348665264
308824,-0.03467394937711665,-0.03715800761407695,0.014414323747604652
309680,-0.0212953098695694,-0.01716020516662331,0.04824417167720174
309960,-0.03122950207749997,-0.030841468034458197,0.03064659811769177
310267,-0.020358620003242844,-0.011842105165760008,0.15046727560153128
311557,-0.011576730042968109,-0.008642024604555099,0.013772969444548977
314583,0.044881332031587284,0.06512799352242027,0.1410212789786276
314623,-0.07924414653840461,-0.0954082044230733,-0.10510200636746125
317019,-0.07430525915708697,-0.09308428830047033,-0.17110018759289192
324881,-0.0004853680103895641,0.013106901757363287,0.11486244255520717
327659,0.06545022550271784,0.10276867766178954,0.310836443421604
327723,-0.06609813871236891,-0.07666242848555083,-0.06602575204352812
332426,0.09035838151788633,0.1323352755590521,0.3246176128009588
334791,-0.1266125307006285,-0.16098335257007723,-0.30633472411647933
334837,0.026312578667743614,0.042008610023615,0.10886513872822556
336254,0.02457589827495843,0.04595799593609917,0.18835114257474173
337011,-0.09955808072159966,-0.12021704223021779,-0.09499831453881269
339280,-0.018780875966215138,-0.018475237710521064,-0.023441790993349088
339855,0.09603533641129647,0.13757509943797386,0.3838622316320359
343597,-0.13219459271355927,-0.16159405089733148,-0.2459300621916869
345166,-0.006977832002408091,0.0034550645010611447,0.14322750413961804
346476,-0.07915980468282813,-0.08932196461234798,0.0035340501987635164
347350,-0.0925787323042997,-0.1098551281692488,-0.15542719694216744
347767,-0.00936854789095376,-0.0031453702917030313,0.043826288278373315
349238,0.001655672669627295,0.011105248967453463,0.05570412457163343
349671,0.2336616169478598,0.3373850697184817,0.7916926496755154
351358,-0.12142730218149622,-0.14504336385443928,-0.11171945860003163
353638,-0.10112003285587168,-0.1295727857449187,-0.1422632324735118
355025,0.0704279670553889,0.10230663253032546,0.2610752966821108
355253,-0.005759649353304086,0.0039395709820762015,0.08016070064723424
356167,-0.00043093264116733643,0.01681149797966941,0.18065644373791345
357327,-0.013348064431313977,-0.0009245470947458756,0.1311671369143923
357783,-0.08758975743268027,-0.09982489455422505,-0.04145072460088439
359322,-0.07493549001927935,-0.09179081886832363,-0.04046138475915306
362460,0.0736648879305628,0.1097449210719963,0.2798404118792388
364145,-0.06685510246102533,-0.0708513477285202,0.005845684004767371
364363,0.07160078605269815,0.09297121255593077,0.15697204671883735
366293,-0.08964662768293707,-0.10203780102286708,-0.021228260327427417
366514,-0.13887065219072925,-0.17404453833564015,-0.244016166339045
369183,-0.06325723498093994,-0.07320519011174631,-0.028238867838642268
371236,0.0635034933891796,0.09612854640223545,0.26397032698102896
371914,-0.10627665162669797,-0.12360962418226129,-0.13780050931539423
372952,-0.04300420522466375,-0.04258762475781985,0.031985246140826984
377238,-0.11954423056378083,-0.1483059874694841,-0.21878570751727722
379400,-0.1422419906781207,-0.16640797194686252,-0.09340221721256281
379729,0.04942751444534199,0.07589057904648033,0.2801535977277503
380727,-0.07930135808903849,-0.08920089601250303,-0.006002775189448695
380962,0.10043636454760896,0.13920626930152435,0.3079502203296087
381570,-0.08100289025182628,-0.07827726583693506,0.08044369095742354
383989,0.08452308208265769,0.10965444199402663,0.1854583680396309
384542,0.042577983948171916,0.06905100440822576,0.21547688533459386
387886,0.04676831830638495,0.06667199586038897,0.1506958616768812
390551,0.014950812462182661,0.02841616893883625,0.12544989586152244
391594,-0.12981824435248512,-0.1624185854991389,-0.25156682455707546
392003,-0.011456019340264856,-0.007272070670709674,0.015418453181446523
394343,-0.028590368265438038,-0.015587920230238472,0.12777759613277695
394525,0.01437005464564034,0.030356389126082295,0.1356703023340855
394817,0.06398724144251888,0.07674257331567147,0.06795493432841404
395391,-0.05664298452028671,-0.059170194960805444,0.025278281268930947
395956,0.03177555553686717,0.04944401296286327,0.1511036332231801
397660,-0.0988047211996459,-0.1160877602763768,-0.10250726149481171
398891,0.010966735515683501,0.02846596917459543,0.14847665587204073
402548,-0.05493310083525027,-0.05682521669955154,0.0166587104839242
403271,-0.06739154856427865,-0.07758570465543269,-0.06524054424145564
407067,0.047614896823071406,0.07465969061213107,0.20089616208444916
410453,-0.025848144971644116,-0.021219629759962277,0.10926340048037142
410518,-0.019201243629958453,-0.013483278978639435,0.06443445045260443
411818,-0.07685849786287058,-0.09272528380409617,-0.11877704588550886
413470,-0.04185921680448779,-0.04419448829402328,0.005103086805208434
420564,0.05123708810750793,0.07856057676166883,0.23760633739482984
421514,0.09670336749200126,0.1550669325527445,0.5046123496178669
423206,0.0821522828851502,0.1298183708964653,0.41185421850535686
424094,-0.05574500877889177,-0.055466882643812054,0.03713946791140943
424386,0.16060038413036137,0.22872681114907922,0.5596651104224715
424457,-0.03609231206092067,-0.03723603800325104,-0.006970487094791533
424802,0.018755614159079892,0.029981887878061775,0.07857520585847633
425094,-0.03211390844452211,-0.028236110038344808,0.05945087646943348
426424,-0.06323921904400986,-0.07349842627899972,-0.107685383123731
432242,-0.003757319200308862,0.005384174673807474,0.08552311417085345
432588,-0.0203216072058392,-0.009677968974538764,0.10902851275311276
432823,-0.08002155860389615,-0.09549957437318346,-0.09942636526879056
436042,-0.14081273309024667,-0.17474770401374307,-0.2906943005274498
437470,-0.0942780833779,-0.11287429219220457,-0.15718511639577137
438154,-0.03243595111912745,-0.03321724356574407,0.00304415595844576
440345,-0.005312872018840897,0.0020633751896719232,0.0456841800519423
441281,-0.029196143806039743,-0.0456617480409236,-0.18322280652676826
443621,-0.04991203524977561,-0.05575704346455579,-0.03529521901939203
444694,-0.12605671814065444,-0.13735165588497056,-0.04283164389554539
450182,-0.026965189118414834,-0.02665548157506703,0.02235104437893476
450945,0.016705617617591706,0.035837048232665314,0.1929083335747217
451655,-0.040824632141162276,-0.044165920845474105,-0.02184803500035626
451799,-0.07715374259752239,-0.07875130691218457,0.015700692668693783
453053,-0.0025159528018441346,0.007387234279789823,0.10021887562144105
453086,-0.0031420058655424743,0.00905459990311952,0.09229991889923284
453787,0.07402813869289249,0.10705713840852149,0.27195087940687834
456970,0.09415121928355363,0.14196517756997173,0.40610123282759325
458531,0.17299610659054143,0.2534407301284136,0.6617729048276031
458717,-0.1258061561372088,-0.15778899012597836,-0.2817547105480016
459842,0.03770962008809331,0.06099658141116926,0.177525021695212
461770,0.04728916095423863,0.07246609473089372,0.19810432717949755
471561,0.08668977766589858,0.1189086872428955,0.24603514817770344
478298,-0.046468886590456115,-0.04646880987428759,0.02874763639086897
480511,0.016114035108526714,0.03138715852113849,0.155033815532454
480944,0.02322039432745826,0.04282144801867638,0.15978602951348186
482481,0.12400526213472474,0.16961465612909254,0.3509255546779886
482891,-0.0835222578690229,-0.10052073423320018,-0.12847041006341264
484852,-0.09320240051819861,-0.10960186700656083,-0.09522796595051908
484888,-0.028603604586910247,-0.02674028056791511,0.04436354485450611
484989,0.05782677552149429,0.09048613263921745,0.28193212178962357
485728,0.007567087009518136,0.019489552198139526,0.12806506768223969
487265,0.09480315379414006,0.15282819379732038,0.4318887455380551
489058,-0.024624764820391,-0.020054633108235187,0.08470856951132788
490162,-0.043514395427329156,-0.03852474422361096,0.05632481175387527
492975,-0.05292107258429768,-0.059772726809733,-0.08055405901365909
493784,0.004502558278038249,0.014908555175852767,0.07699201813322931
497377,-0.0028788093935709913,0.011661746174368881,0.13813195679750168
498368,-0.022713393509115276,-0.017664258655145204,0.05425130199437822
499069,0.09189461524866527,0.13661580658465322,0.4094585371481614
499251,-0.07192387644735998,-0.08820440467097246,-0.14775375814928893
501261,-0.0007967690449579568,0.005126409652479458,0.07852553027592313
501941,-0.06600414874711402,-0.07852085868476122,-0.06712045165786407
502589,0.20730377643898623,0.29229496304609226,0.7090215167293499
504495,0.04024854280076673,0.06412942004804889,0.19973087158522995
505681,-0.02884465203574238,-0.03233063755844201,-0.044257563779614095
505833,-0.05432403727322699,-0.06789428546042942,-0.14304068905885226
507251,-0.060227531532603074,-0.06429730034461234,-0.010201575121215445
509191,0.00010382570105682554,0.015278328731976876,0.1241010641729976
509226,-0.07911839234004558,-0.08742002606325028,-0.022052856820664157
513181,-0.08896029771258518,-0.10519431087058995,-0.08189326062377278
513477,0.005477960719389996,0.02459347053530725,0.1594951758100751
513797,-0.08020911044899692,-0.10574687630130164,-0.23561279624930753
514195,-0.05763047582228675,-0.06475379159140937,-0.024157739173451542
514747,-0.08746417499600545,-0.10564316147119435,-0.08530153188812362
518048,0.06671185438644156,0.09616752164895348,0.2436851647552003
519540,0.03324169692250423,0.05365717641747225,0.17153813904549864
520862,0.16626349809029262,0.20831231606792588,0.31833551418795825
521316,-0.10402981619488649,-0.12688229706296905,-0.15528744394130412
523196,-0.03861125493352924,-0.04087561607521106,-0.007982706981311871
526896,0.01549697773488079,0.03078311780746823,0.16144048757907514
527151,-0.05964976962801205,-0.06898511961233833,-0.06496227050614989
527163,0.018886935081297684,0.03640645086051397,0.15297290484659065
527465,0.0071083793850306165,0.02120645494251794,0.1275942201438771
528635,-0.02474432108571456,-0.018043580320306507,0.12949328251558168
529097,-0.05107045076500749,-0.058433883434314104,-0.06902374598421535
530058,0.08495941314925015,0.12437771445881896,0.3235344438657113
530239,-0.10298856134924939,-0.12166406600514157,-0.12280737501267636
531147,0.06468119155163521,0.12616974791428248,0.45105050362202803
531693,-0.03658377614189412,-0.04182604781677113,-0.07502047451092864
532529,0.060314635897824376,0.10324411569105729,0.36127156593965193
537253,0.0028059613649857873,0.011295005965198168,0.09196569558497902
537499,-0.03682136788358936,-0.03530828984589962,0.04886700967097379
540108,-0.13304577388086236,-0.16453445740630834,-0.2737892174134995
540146,0.2549931477817162,0.3354189362448423,0.6429443149486289
543568,-0.05046565160209315,-0.05474449568817663,-0.006702205595164656
545684,0.011080944389850744,0.030785063556227676,0.16329471845932764
546562,-0.04115329311859406,-0.04028986158454373,0.031827720098720036
548108,-0.10519603126673571,-0.12529318815173607,-0.16169106643222175
552112,-0.09615294753864223,-0.11683978636131465,-0.19971508960506323
552532,0.04688090216224294,0.07560509432417684,0.252288634838965
553531,-0.027552780617034145,-0.028817821610303662,-0.02757534073244461
553726,-0.05757077184150727,-0.07193259001492303,-0.140703084186228
553910,-0.12090458621734124,-0.14745093584211166,-0.18836633955216397
553921,0.04415759105487593,0.06998017024642356,0.22313281749530445
556985,0.027125749184217174,0.05019779237435773,0.18328835292496315
557053,-0.07726014253331903,-0.0914138435991847,-0.10327816500841314
559171,-0.05342113109757629,-0.06106011911345344,-0.061645911366807304
560218,-0.03290135122350035,-0.03426609047674711,0.011977433729692955
564976,0.08714645303311341,0.13593634812671973,0.3845035029063357
565777,-0.09537702217446542,-0.11701000481925816,-0.20154302154585801
566263,-0.04838127276229254,-0.05100388456113736,0.04427131026735598
570709,0.039768447261292805,0.061481885628878796,0.17859392742129643
573546,-0.016282385369428498,-0.005171021864501579,0.11837031925921959
575575,0.07600975674519161,0.1118931008802786,0.3021282045422704
576669,-0.0899639973629982,-0.10952032514807719,-0.1445206854379557
577082,-0.0577578424099674,-0.062014327952818915,-0.02333709730751865
577239,0.03665140011038659,0.062062778164818644,0.2215987885511188
581094,-0.027843348354715025,-0.026439098100683456,0.03089467801977097
581230,-0.00975879799894086,-0.002197212609883259,0.09852653270390999
585866,-0.027705032897674453,-0.014257002705134303,0.10658712561910955
586739,0.002212156196624182,0.015621583373907955,0.18176984552676734
587706,-0.03677942980611859,-0.03845234683778287,-0.03033039487082867
596068,-0.09952304743872253,-0.11835800452769929,-0.08867982606358682
601346,-0.07257925175372781,-0.07942331014396409,-0.02187593376486463
602564,0.12081634321691603,0.1790566167300527,0.48923542872064507
603513,-0.04385936968608961,-0.0412615023313192,0.08113329733722496
606775,-0.046627523292288586,-0.05078313275176449,0.033455653379614425
607869,-0.04376015719371229,-0.041722354425149266,0.012262562567928459
608889,-0.008293973356247264,0.004816708084608434,0.11692014472563317
609985,-0.07816971877546108,-0.08821643846607508,-0.03928984685617065
610191,0.03786445523708082,0.06422930442559305,0.24586522391537224
611648,-0.04458251293245663,-0.0427690418662956,0.02910496576449262
611913,-0.07863974769619142,-0.09757062000617589,-0.18018467016412254
617000,0.008179392710470745,0.020962505804800635,0.12402756584001962
617703,-0.1057094962514098,-0.1359655364659722,-0.2708575841507108
618529,0.18831762230971716,0.2725332374369369,0.6891336507930483
621134,0.07159162847322187,0.10641850236941908,0.32034255554467395
621253,-0.0023504065806132513,0.007522433083158031,0.106986446447348
622299,0.025708086962332066,0.04710904256933057,0.1978442560819853
622902,-0.05683419351536556,-0.06416259581020434,-0.005945259859602814
624675,-0.06025455995318452,-0.06664693038189595,0.001631828124648127
629276,-0.06564350001946884,-0.08002137612450655,-0.14388894905315563
636071,-0.0443659695663392,-0.042101606065947816,0.04297722823828254
636274,-0.04919933593775938,-0.05670144587177428,-0.01994835122154992
637946,0.029607423408858802,0.05295929960307699,0.1962322331665125
639514,-0.08038874736095858,-0.11250711109461653,-0.30406838183411367
640370,0.04265457251027405,0.0708485619781094,0.2729589903419254
641079,-0.011128707905005308,-0.0048778466917021035,0.07430746968734825
641248,-0.07345307694032832,-0.07672845363007763,0.06316659585743434
643480,0.0159713464093576,0.032397428701637976,0.14336219228316427
645753,-0.0015446830673739864,0.006626358052482351,0.05402799304602057
649796,-0.10083440923670617,-0.12677063984172388,-0.23704978491248108
649890,-0.07860664211474111,-0.09500184678687718,-0.14795599933622405
650680,0.04533684432367058,0.0732199900859496,0.29346900182890856
651262,-0.07639555383820773,-0.08862815288536874,0.030783483254921862
651352,0.19655030123909545,0.2738441932279363,0.6676034732005718
651842,0.17535382126164012,0.23660069051974375,0.49685663076802467
652329,-0.053310736209746024,-0.05737647804963042,-0.019933970699582915
654277,-0.17638415464967383,-0.22535483010367185,-0.42370986540753064
655255,-0.09939489726176887,-0.12210180537633475,-0.21635256518031243
658655,0.08240908722178597,0.11617722820191778,0.2619518110875614
660156,0.2071472721817449,0.2875801243989926,0.6373548538110221
661737,0.0436562757569674,0.07238483085414882,0.2668632508630351
662180,0.03292233831319913,0.05314494837783146,0.17498856128927587
663934,0.039311076149095125,0.06150372117121283,0.21969015247779478
665230,-0.11178188968250913,-0.1397663927719004,-0.23265373827851743
666217,0.2174692133142926,0.30173572449835273,0.7244930879771943
666390,0.0017124029620718684,0.01617670373798341,0.14506260655513747
666715,0.05428610600022066,0.0726477113150128,0.122948257836347
669111,0.010124965908499206,0.01752188219936124,0.03668057779935774
669901,0.1578406695918022,0.22735325388823435,0.6336880487571843
670846,-0.12225710167567971,-0.1649174632515238,-0.40391841391216854
671016,0.04686789966225735,0.07363276086773474,0.2462457304504202
671427,-0.06085686755954056,-0.07976863555556779,-0.17755062085522866
671550,-0.09988649328718546,-0.1194318531012073,-0.18414858533971978
672163,0.05187541042445454,0.07466698284820628,0.17239288982111
673468,0.03640043665480719,0.05715782303803718,0.16687574977317077
673677,-0.10422989813333405,-0.10490893462579098,0.10677635192497625
674429,-0.05789185385076112,-0.06342741931484808,-0.017893762411604452
682015,-0.07262988546240634,-0.07459975519981565,0.016688306379392337
689225,-0.04001388078689283,-0.03943679193152794,0.048570092348100946
689974,-0.04967257426750016,-0.05084458195137298,0.14837541348249683
690724,-0.027401148809798492,-0.016416839202412437,0.1426287031798541
692169,0.09927333165582053,0.14674138961231709,0.3845030323287211
692170,-0.021966274390477825,-0.021948687681624834,-0.018268384365457635
694149,0.13804523450325612,0.2018897438641325,0.5572259362541292
695461,-0.040383125281472365,-0.044409878312658746,-0.027390528598872255
695898,-0.08627476594563488,-0.11126593905736448,-0.2302645320461929
698646,0.050192529191222746,0.07565181703142176,0.20559767856836508
698818,0.031097637435420378,0.05379814836206487,0.2109254633071207
701059,-0.08739455521915995,-0.10617871954899583,-0.1583173422904567
702372,0.23814571150696828,0.32524917240746554,0.6834536469061163
702509,-0.025980742043862692,-0.0255855318096343,0.031965235461303365
704599,-0.13599026363786826,-0.16244534178570702,-0.1762365148854772
706590,0.008928255817061359,0.02351613262216823,0.13848188334941502
707198,-0.09161079435589481,-0.1096001576136203,-0.14001436738525452
708624,0.04004913191137027,0.06511790633804915,0.1926012574717184
708681,-0.004961935518065452,0.005713947673401387,0.12026808791848387
708975,0.04732910131300572,0.07937364730155494,0.2631227187688765
710304,-0.02080698313814411,-0.01545347097609806,0.03577612632237859
711563,0.0007288409561934106,0.018667348265792194,0.19397111424586821
719093,0.09258475134554112,0.12838987044882266,0.2914882850706446
720540,-0.050886438261503075,-0.04954596759777141,0.07103426525562107
721239,0.012892017630705799,0.02532041024206766,0.14304132711389705
721699,0.04731316683155384,0.07092761241953771,0.18252493437314454
721827,-0.018503528034388594,-0.04340011214408257,-0.2880702220552118
722062,0.005905622110542463,0.018182308393243307,0.10483889911166289
722216,-0.03872070337592215,-0.04180970656041716,-0.038878463239816474
723065,0.10052965460685792,0.1495395891780933,0.38887129490269823
724747,-0.10505838574503912,-0.13541346755130146,-0.2766482521366709
724978,0.044087039022136065,0.06700897528163496,0.2045381571502105
726839,0.04873246837592904,0.07457770411171905,0.2052583603942395
727449,0.12498576924712168,0.17749073394184256,0.4138399199392184
728088,-0.047974915829631204,-0.05166754230657977,0.010970762549037616
728367,-0.07874946971770891,-0.09300611672678394,-0.08221029898393617
730732,-0.047730720345447786,-0.05549618053440808,-0.035881836943162604
732082,-0.2421242619628834,-0.3339973152005207,-0.7473134187198447
732644,-0.005574155836827188,0.01533737658779355,0.1851146586699528
733486,0.08081986133652341,0.12114537738102849,0.3250000156356183
733831,-0.019228307327780136,-0.016317065326350466,0.011291027647051255
734896,0.0501507383947315,0.07321581789260811,0.16180506377475634
737177,0.0992233317897655,0.14866467007704598,0.39298807067451946
737256,-0.026432271279903663,-0.021197275074019695,0.09358754161965033
737564,0.17340787036594874,0.2207059001228906,0.3675331866154048
738090,0.04414162785802489,0.06532287567526707,0.16877809786380205
741923,0.061156543725825685,0.0961341525935786,0.29015480114923875
754157,-0.016411857723282575,-0.01154542438871986,0.05133906727541149
755280,-0.014792450923303502,-0.009342063476043272,0.09851448533049023
755862,0.047575272510648636,0.0791071916830941,0.29095288490361604
756399,0.027971787191669817,0.05068591078328977,0.20752679560972975
757249,0.1304995922995773,0.1834392294581293,0.4514763399192523
758646,-0.03987973578801185,-0.041146509666182274,0.00914920602815572
759692,0.019965832099547054,0.03811918526197422,0.16903725100531775
763891,0.24189425278171006,0.3223009128624974,0.6423131901733683
765077,0.0675106062092028,0.09333594606936724,0.1881550530582401
765219,-0.03206354368453068,-0.01695237495048385,0.1543338688487097
766014,-0.08617991294440963,-0.10385051639275567,-0.16722733524861644
766437,0.08185915162601076,0.12248040012590411,0.32481167337411465
766975,-0.016102228542761665,-0.0023201724474326557,0.12163481412346266
768848,0.07736513371491527,0.11052950273391349,0.24960026470865504
775506,-0.07007282656896896,-0.08446260654752735,-0.13849308746715883
775530,-0.05019567544885706,-0.05150723238549726,0.02042723466190166
778911,-0.006410362384057899,-0.0017065112815422001,0.03834972655179647
780120,0.0893479516423501,0.1285936588906491,0.3487305726794152
781855,-0.004382280815363515,-0.00088012569859508,0.07988674591779432
781966,0.012553292784895698,0.028123592404940112,0.13402032434431366
783117,-0.0157102055183721,-0.011875430005966914,0.04793570887841536
783134,0.043100949939847366,0.06113623206991314,0.14429684032069945
783179,-0.02274109870739993,-0.017911888530840248,0.042969344954360444
783400,0.08903146059836509,0.1252258138830573,0.2909001659376229
785113,-0.013130723779864573,-0.0076804524449025635,0.05538732303995264
785730,0.013603040323828308,0.028774432937632266,0.14597280829932435
787066,-0.015601252751342942,-0.0057503449402582785,0.08812896065335218
787183,0.06514102358304719,0.0982117623208576,0.31949666068791016
789609,-0.06880789307449975,-0.07879256653606403,-0.05574939013448654
790280,0.2145379166075343,0.2854485856383704,0.5656660259890733
790806,0.058696361659231755,0.08887573145187422,0.2199281038795169
791826,-0.041783086861218566,-0.041393860126571536,0.06466541054427744
792291,-0.04742246809831019,-0.05597400011130049,-0.05280674036906774
792371,-0.07891284559915013,-0.095574011404993,-0.15499884083822124
794815,0.026474545404466143,0.04924160830898683,0.21459371461200982
799503,0.012269227120066395,0.03545551852759443,0.23314108162680025
801940,0.142335287728111,0.19968953837692593,0.49783647522666286
803680,0.05638842227593566,0.08580158943964955,0.23423447452026025
804597,0.009042211602576122,0.025687596666335688,0.159511806718184
804775,0.041452400628885666,0.06136187187712894,0.18110623367940093
806135,-0.018728873013260205,-0.016614082883386727,0.1009758248388013
806366,-0.0935391775484038,-0.11102229273111952,-0.08847234714344276
806419,0.007266851793802376,0.021685082006476675,0.12490068716932168
807008,-0.02518750853238061,-0.020922440879619808,0.05326997149041368
808880,-0.1492715316896096,-0.18814314495571915,-0.25732403672165116
809580,0.0165464476977506,0.04545332718054773,0.2376857816482456
809718,-0.09783834239363798,-0.11863853023366877,-0.14325122663007184
815233,0.024032968794280407,0.04047983870164584,0.11176457576020793
816071,-0.032530815233459354,-0.033084027932565485,0.027920065205185196
816160,-0.07880050485842771,-0.09035373801752078,-0.04855654719865132
817798,-0.017051663102299885,-0.009728381298024447,0.100804220976912
819913,-0.06862580466904111,-0.0734593601708029,-0.01683368722125156
821510,0.025631031133663607,0.04859576401118271,0.1921568201101751
821955,-0.06646892310032593,-0.07591123839095149,-0.031324574183171805
824975,0.07654366663148027,0.11865858067582824,0.3472637415293214
825634,-0.04253494081283016,-0.03987327217158865,0.054220911067299316
829929,0.2231660220218883,0.3174082354490064,0.7383344985022537
831061,-0.11317401352022882,-0.13932146170743342,-0.22175218052973822
833154,-0.010712000424743184,-0.00019283502895905968,0.07830471538252803
835226,-0.007548489102602307,-0.0008452758765966628,0.11366031466088478
835590,0.0815531965789067,0.11741170245375465,0.3007479037546563
836259,-0.09811788177297975,-0.12075099378632026,-0.1495488912119769
837099,-0.05000064395490522,-0.046079927702673995,0.08816422986486305
837509,-0.05343233712404971,-0.05915207907512343,-0.053998488830136804
839058,-0.017297641838917466,-0.011577856306525636,0.06527798478919333
843420,0.010421894752709715,0.022402566554556747,0.09203477266731253
844998,-0.16161626931369266,-0.20153650595956707,-0.26729526025007777
845080,0.2704751656447375,0.38872570888993696,0.9213295722164698
845411,-0.10779945150568615,-0.1350709262826011,-0.23985955783316815
848983,0.057323618828780565,0.08854709064670363,0.24758446035452053
850193,-0.021694204613311063,-0.02101470312303344,-0.022921672027428563
850768,0.10239605851696454,0.15082282054312257,0.41127964075473145
851627,-0.013664638996883083,-0.0059938712737321875,0.07066076231012364
851687,-0.010361445722438134,-0.003006783135999669,0.05673616723929431
853072,-0.047868359145410544,-0.05383747624187629,-0.007659299770305328
854442,-0.09228548960520078,-0.11566733113827099,-0.21194038755452915
854890,0.038712605404998324,0.06196175617684352,0.21778016924337829
855566,-0.04720235665772643,-0.04459151714518672,0.04911274429274437
858184,-0.06887949132297355,-0.08265445622954237,-0.12565856662974229
858253,0.014620741889455502,0.03141949741563388,0.1467881915909608
860209,0.04405487802021768,0.07272502898465794,0.2323897534297128
860664,-0.04118636598223735,-0.03834476389248653,0.034515009264106666
862768,0.11063860869832998,0.15713591601559096,0.39274736101273344
865597,0.08810519363868208,0.13356053410883684,0.4006194621383745
866389,-0.07518582277166264,-0.09051261144560607,-0.12929866282403513
866796,-0.06360909678050253,-0.06973030073425424,-0.02930207529045159
869186,0.1079252746859416,0.15519785548830067,0.4230229026129386
869767,-0.06035285441626548,-0.06112140655522724,0.02601310007377533
872935,-0.0032403183605536068,0.0061551059684852305,0.09548401440291565
873581,-0.03560902068849703,-0.03968471533953166,-0.037518761905388276
873675,0.010375934598209069,0.019876963690881322,0.04184907723791742
876108,-0.08525979498708569,-0.10251286877457089,-0.07011492798495311
879624,0.028425127691175556,0.042764349240551836,0.1056965734590265
880440,-0.03118788059003541,-0.039336284918994435,-0.08036605408456321
881797,-0.03023907429908823,-0.028485134505147114,0.005639564967251154
883103,-0.027700892393231147,-0.023798129322691652,0.04558816774974295
884681,-0.10191346397609524,-0.12404450934221689,-0.12134290453164098
884773,-0.08145749551851811,-0.09904981285105086,-0.13436956298387948
890396,0.03077590511903372,0.05004897239093009,0.13248701321779022
891887,-4.120308460531241e-05,0.00991661279903866,0.11427963255483098
892640,-0.10171299128494926,-0.13465884822319674,-0.3029930167375108
892788,0.0365262184478472,0.06524281290694356,0.2746147384735189
894918,0.09519639870106666,0.13716895653428796,0.3308108778155696
895075,0.08819072306858367,0.13130262790530023,0.3762884124365562
895288,0.08971204916063913,0.13434860636883128,0.3684597902748852
896198,0.0470219310130624,0.08155684202664637,0.29570401052321715
902032,-0.10223174723169426,-0.1232929620719525,-0.12635158468111385
904962,-0.022833879586300565,-0.024044771999318204,0.013327185877979542
905044,-0.018206976405231723,0.0036133413143728532,0.18762508061698036
906063,0.016864264447749022,0.03545270884257534,0.2135135067172529
908531,0.05205591322750647,0.08546346755573042,0.32133955337249365
910724,0.02271604965721563,0.04969379007005026,0.2685213219638225
911286,-0.041438046014549035,-0.044134477163621844,-0.03730820671047397
911872,0.03205056760418934,0.058715755013812654,0.2684275018882274
912283,-0.08657061418147971,-0.10123067509575745,-0.087212817276908
912292,0.027642610243992838,0.050821107819549516,0.20464885029968638
912953,0.04578589084873008,0.07599431347003405,0.2570293650717126
913401,-0.01458186408812856,-0.02441974866512986,-0.11991631964249194
918200,0.03525840052412643,0.06411895773168919,0.22516982862630952
920119,0.02178521289269897,0.04594495003356025,0.21798664322532346
922038,-0.08050541119778254,-0.09711090634649833,-0.09417231337437704
922737,-0.06037336793967296,-0.06608556582183978,-0.06569509755770842
923586,-0.06511863148430597,-0.0726143646184032,-0.021296870617050434
923949,-0.006637075147829186,0.0035638196052141247,0.08637311817528781
923985,-0.07307926306280565,-0.0803697749688368,-0.050667838894577155
935994,-0.08203256665648839,-0.09688798800063103,-0.07865515054273198
937684,-0.13755108007976746,-0.1645808612205597,-0.15424291206674878
942981,-0.03672869173118731,-0.033261247505012026,0.03099325132552666
943031,0.0347807236708112,0.053703598391696916,0.18034979027278686
946282,0.10646938806623008,0.14398886473570505,0.31188077431626837
947361,-0.03146255235239126,-0.025744887804669103,0.051687043767796315
951607,-0.021704966960351513,-0.013337327205410476,0.1275189046971561
953341,0.044770668090082566,0.06605880308008505,0.16044547677908172
953571,0.029088474907290607,0.051285056447488264,0.1865422310040068
954511,0.003965713523538028,0.03400169503603401,0.2303997366111341
954573,-0.03259715831058063,-0.02608932257208485,0.06451257383016129
956890,-0.07395256737167388,-0.08817855972685096,-0.08911746176184954
960183,0.02742752344854016,0.04305538815566656,0.11345144131098506
960440,-0.007241733415742524,-0.0007730971236865614,0.0427323186602222
963453,0.007645659051293219,0.020778460417673728,0.13385732440709042
964882,-0.0958501859526899,-0.11878012935250948,-0.10748278534899747
966346,0.04034551126660646,0.06582106212358352,0.22171060104334384
966519,-0.1464117259062987,-0.18276374243123739,-0.3301068161394789
968908,0.01909981180950715,0.036698506334740255,0.18734316456641587
970073,0.0410779163685735,0.061118670372608985,0.15160276304601927
971780,-0.029456667861748165,-0.025788052636630532,0.02585669165299631
973566,0.00521901004608627,0.013162679671395061,0.11370824755882314
974900,0.014926636269655624,0.017272678284439458,0.002039288392962968
977830,-0.07079732633649738,-0.0813272204051616,-0.10386784888605183
978140,0.06347683598616571,0.09090761768907751,0.236881263673562
982101,0.039611626594020954,0.0645746820043891,0.27634921186378403
983168,-0.0697583669824633,-0.08067921433190883,-0.024821837790009127
984304,-0.09103103053559747,-0.09082328942495588,0.029111656265119912
984997,0.0321323241086412,0.05499797326957201,0.199866478426598
985055,-0.08680395245722972,-0.1015260463396781,-0.12795151162811624
985390,0.08337316421902963,0.12203140606494767,0.308500552242124
992483,-0.026431948844008568,-0.027496441935017324,-0.023986873739561432
996366,0.05222684437495495,0.08099362530259335,0.22931776195384757
997114,-0.1471012474760216,-0.2007437741085254,-0.4850593464379842
997485,0.06058270109544672,0.09808306437398251,0.3163784471638893
998686,0.06702186898219287,0.10084702346101282,0.2744070376434431
999673,-0.05246457015361372,-0.05649718600252607,-0.013286285779649631
1000834,0.016482076865718343,0.028562273759372148,0.10721876757620907
1001065,-0.01344116276815599,-0.008679705506626667,0.04067945921657379
1003716,0.039220529628180234,0.06279012990377897,0.24908010286774163
1003732,0.023369883057146268,0.03509647336849142,0.09199664561999077
1004173,-0.024824616252947074,-0.03085074758561923,-0.06295847080508032
1005949,0.02356621238743628,0.037136092953008015,0.09120012601155869
1008318,-0.07869524161027419,-0.09152995726184399,-0.005118106970090519
1008809,-0.07713586162505437,-0.11716379755437623,-0.36902599280442994
1010304,-0.029525902557036687,-0.030715173763216752,-0.019488682967145454
1012017,0.0018465909136102798,0.012596778931667885,0.09131200084070601
1013158,0.022798101592769404,0.05798872621569284,0.32675328085583555
1013346,0.00974495845921064,0.02489330405927359,0.12429148728778339
1014726,-0.1183452179972675,-0.16901850689377218,-0.4880282333191466
1015412,-0.01566299488539835,-0.008800247122088711,0.0863113959058932
1017519,-0.048127280343026935,-0.05271948827683359,-0.009443286473463708
1017646,-0.06292186346981521,-0.07251934220711775,-0.06939735519513102
1019547,0.007862656481469443,0.018719810428712513,0.10084534248008037
1019879,-0.10984141274861914,-0.12938435880496169,-0.12350131479816673
1020438,0.06798007176366117,0.09642470755817323,0.2216102817477683
1020747,0.00840873180434576,0.030475934504026192,0.19913193571341248
1021741,-0.024545447120923214,-0.022653102310457696,0.06808176907416863
1021880,0.1458711971035347,0.2035446839898425,0.5249715534559871
1024553,-0.0980124093314938,-0.11714470875267091,-0.10790213562358009
1026603,0.015290259307680909,0.03592787986216006,0.21105324280848725
1029263,-0.11137986185662918,-0.13748661335915813,-0.17329782920245806
1030653,-0.1275796181516493,-0.1546939990138947,-0.1865366032960627
1031669,-0.017688062534765958,-0.010748924409493377,0.10199782641729982
1035037,-0.07169407887357404,-0.08363329897704808,-0.12448268550983332
1035567,0.2565542500299227,0.371020254288565,0.8788931590480136
1036570,0.057421317422064355,0.08658976703848742,0.24041937820055503
1037947,-0.0735637783399763,-0.08723236986257454,-0.07035629523370446
1039039,-0.1037875472213663,-0.11390239197224261,-0.012718927386954348
1040072,-0.0796697583880086,-0.08769673170136372,0.011171743764302633
1041126,0.020875582556937555,0.02522382304977433,0.01036357209679295
1042440,-0.0069977296919702114,0.0003177457432411712,0.042176698428113335
1045668,0.03350994394324114,0.06322576179753181,0.25315501377984573
1050768,-0.04497681109846896,-0.046464625679355054,0.04192901982346964
1052345,-0.009105259157506262,-0.004735953088730982,0.11583593401198478
1052565,-0.012799080192693602,-0.012417082823418024,-0.023812700558047517
1052736,-0.01934815616254526,-0.013551797415401134,0.05242436448251109
1053715,-0.033334554283672935,-0.02972856247713329,0.059570145575702504
1058373,-0.10237583133125061,-0.12137097771777827,-0.16474128287460665
1059498,0.1926158556422748,0.2713089630220946,0.6628404376141952
1060338,-0.0944634882852029,-0.11585922907992763,-0.18701299996156662
1060493,-0.03106665978553269,-0.031148959752152594,0.029550027088137476
1061291,-0.10544793785097761,-0.13121750033595947,-0.23162849441363464
1063552,0.19037001954439514,0.2752475845133344,0.6322033753884964
1066226,-0.06165464814400101,-0.07044512216833665,-0.04220031411477443
1067397,0.11128570328474208,0.15493135197948082,0.3384865269294064
1068484,-0.05026975539925793,-0.054514535169985834,0.0011601702122212565
1069670,-0.08680476557579442,-0.10243270397625492,-0.09277993855822242
1072445,-0.03703082747071673,-0.032874094147736344,0.05822237015239118
1073860,0.05834289624320843,0.07858566093781838,0.14383894176736378
1073945,-0.09975966868919528,-0.1179788968997626,-0.07050585899300499
1074968,0.11967426126755987,0.18607822134551366,0.5829692413649559
1076322,-0.048993129549044,-0.060958169746465174,-0.111161208136346
1076351,-0.14907596455150807,-0.1858798886763504,-0.327609319557975
1077017,-0.03142974257591735,-0.029826025420339075,0.010219422979825588
1079658,0.06681361343294334,0.09834506659133258,0.2826371096336562
1080113,0.11515243062865,0.16077199459076597,0.3663200584139039
1080852,0.1881295925054114,0.2762884420008578,0.736165292861787
1083214,-0.03803428947140053,-0.04061565087490515,0.017381316882970843
1083286,0.058461524121212305,0.0780750571171771,0.14717573608554346
1084652,0.07255159201338235,0.11334339419906758,0.38932344125489715
1085491,-0.008879974075612695,-0.01874376738096628,-0.12159592796657126
1087147,0.0523303141987459,0.08194004453484904,0.2646131467675432
1090850,-0.003770881453460939,0.005738881092444803,0.06794986835433026
1092988,-0.09508379299626046,-0.11598431388806829,-0.1841767871291382
1093161,-0.03722160801818575,-0.037897000499445,0.08775574843608958
1096281,0.24635391652933558,0.3409005927076092,0.7511690895978154
1098068,0.18370462184998626,0.24726677376353523,0.5102439041671736
1098591,-0.04034377305725512,-0.040980606808115105,0.03978278804163882
1099584,0.01268948586778107,0.02371292815273529,0.0682140999236962
1101442,0.1267246459563829,0.1750356373485391,0.37718405930484167
1102249,-0.025796847905396048,-0.015506270192554794,0.09112750527374258
1102780,-0.08166252519431105,-0.09930623526883209,-0.15801419866771127
1103008,0.00544997350556331,0.017884030506221338,0.11951269226995809
1103362,0.06160950152731459,0.09488503493423317,0.27024017267589473
1104614,-0.08248057616678084,-0.09754538513245326,-0.11863745707751816
1110690,-0.08428601543610426,-0.10344115869690751,-0.1781590375310138
1113010,0.1783986351392104,0.26018243669523056,0.6596091359301748
1115072,0.061896829072019655,0.11253167785476226,0.44875339540883097
1120085,0.03625188525807954,0.06328549215554458,0.22438572176996363
1121763,0.26126703777674676,0.3789980817311771,0.9386126243387647
1123901,-0.019019450791950665,-0.016695661536141104,0.02429232549665672
1124848,-0.06485773740712397,-0.07231447206087749,-0.005143964741207707
1128051,-0.06726536616502088,-0.08950640748598504,-0.2116986284590947
1129070,0.004019145556733772,0.01360991325791483,0.13155011227132585
1129172,-0.0490580909026439,-0.0465695648529314,0.05593657282478359
1129432,-0.11288840189845684,-0.13433083713245697,-0.11343029695938922
1130512,-0.04139809976486597,-0.03940876518154979,0.036286861684241334
1131014,-0.011737324640980429,-0.008315255701217161,0.024394058445168287
1131724,0.08566777081485855,0.12775692182496612,0.3247023849232682
1131865,0.020589426278651346,0.03828088536110652,0.15095881989326898
1132378,0.17750536020551544,0.25045905844578153,0.5818979975284182
1134932,-0.019333701487947108,-0.01788301124122227,-0.0038419251669670196
1135055,-0.08696081033964242,-0.1022552565395154,-0.098533705094495
1136678,-0.07175672820311174,-0.077684259857421,-0.03860365570403612
1137691,0.12030193841837655,0.17099258290483554,0.41779466400521015
1140031,0.030659075471557884,0.05992467119730316,0.25673561502662023
1142442,0.02718435849092571,0.05935986374262203,0.28184084576208335
1142840,0.28694904272880173,0.401209811981162,0.9161733486503252
1143134,0.03444948037878781,0.06421047463953777,0.29172263200773063
1144012,0.03387010458020412,0.06443430188066168,0.2566605228377914
1145421,0.002250240507760015,0.018253823297001315,0.1988848982825564
1145568,-0.05080575081197014,-0.05949569188330828,-0.0929268178056728
1146463,-0.005002458873723636,-0.012664103013169559,-0.10759263966015808
1146825,0.019778817771183288,0.03343034343701401,0.10490431389603039
1147522,-0.02778717400305375,-0.025999606192580904,0.027380412845229962
1150793,-0.1456709598492909,-0.1848399419801776,-0.34740059885301555
1152651,-0.07687045338884246,-0.09261512883595002,-0.10904585911522213
1153503,0.06687188837570424,0.097351137993404,0.21749357331151753
1154193,-0.03064083534849793,-0.03156720006088709,-0.010507296645428266
1155173,0.07177081486069192,0.10642448545084915,0.32469760239843337
1155365,6.577133906615629e-06,0.0035957556041184002,0.01728105836616267
1158916,-0.06245200147412322,-0.06941908237828431,-0.0525506551537922
1160219,0.05585352458933279,0.0814982899278569,0.22561484283779176
1160670,-0.09440416778448091,-0.11888411727243575,-0.229886084777442
1164416,-0.15084104951608257,-0.18908849554349505,-0.22752928929255356
1165238,0.17087708440476712,0.2350750266373245,0.4840690419441058
1171368,0.035055714075354016,0.05997058748761419,0.21945596691550096
1174930,0.07973061911847679,0.12475714406652072,0.4398969724759052
1175456,0.17755738136050137,0.24094391787753833,0.5004767940332435
1176757,-0.09224404324173174,-0.10197429797226132,0.0067575667197177225
1178347,-0.07969073567735241,-0.08877266678579487,0.018563381701228288
1181183,0.023353247107137154,0.041654965820176804,0.23193436430314662
1181668,-0.01726816271260212,-0.003657116223550805,0.1418477785677137
1185175,0.062295923566135114,0.10023321568977339,0.3327988418398622
1188092,0.04334208001455564,0.06758082883772132,0.22453977928278857
1189333,-0.03449840353320743,-0.03164976260357033,0.0232824995434866
1189572,-0.02639396448018627,-0.02950199717804125,-0.04571699831803944
1191332,0.033691497535876636,0.07493000884575673,0.374319124201401
1192988,-0.11578527579897124,-0.1432427275356074,-0.1768348690164876
1193764,0.04716599297085611,0.07075668675277069,0.19521616403226139
1197479,0.07532242449235693,0.1155212517496571,0.35837288767218967
1199259,0.08442378739392908,0.13030470980947118,0.3861639606399905
1202982,0.03770068739334875,0.05834208941628405,0.17646071061383806
1205984,0.0006490402853536192,0.013951046363789743,0.12920599542941336
1206542,-0.07086851849362996,-0.08169585608086116,-0.0052791181990787805
1207287,-0.04796032502291825,-0.05223197264156232,0.004845148012617262
1209244,0.002479779217681055,0.012126125428664647,0.11286459453455855
1210244,-0.03323817207479407,-0.03282402282782759,0.051616930941853045
1211161,0.05011079626170267,0.0787879721637541,0.23316378405759597
1213998,-0.056562880166275864,-0.06340140606377043,-0.02221702816310911
1215649,-0.056234273327754325,-0.05913481871598725,0.03033316618541626
1220200,-0.04900096439212698,-0.05355734739695173,-0.02735916855657372
1221208,-0.11246059583310597,-0.13422634381466647,-0.13910989070605062
1221335,0.018383985626798882,0.029294588407699163,0.0731272091387778
1221770,-0.05527990803939864,-0.06082806122820794,-0.0032177520014315952
1221981,0.03708044149099221,0.07173277551929802,0.27682233622226704
1222781,-0.1174743342985014,-0.1457881939158796,-0.1679080000408919
1224534,-0.031134961322430765,-0.034115440629786775,-0.039340158819471505
1225177,-0.11493908471563952,-0.13385752303242238,-0.09294621914421475
1226407,-0.04121163328923072,-0.03859443755794323,0.06551530190210864
1229518,0.022074659777589378,0.04171501877015804,0.20135348959543053
1229620,-0.05178902709876432,-0.06597008732864706,-0.13995713042473223
1234706,0.05289986937984037,0.08428330062753053,0.2833097869813539
1235675,0.014648973508763596,0.03434006593832617,0.17407678079320688
1238379,-0.04498721400546524,-0.051521705291690756,-0.06351365298441625
1238878,-0.07824166192900117,-0.08189249483981387,0.02591351870885461
1240513,0.005296549730938516,0.025369620565438566,0.19800098648781095
1240912,-0.02962479601665713,-0.027423521520935745,0.03569866786708653
1241302,0.02484563012167662,0.04943446092079107,0.21912065454217622
1242513,-0.06851837226763702,-0.0867677250037735,-0.19719861590015908
1243992,-0.074156315493497,-0.08463322540526308,-0.11133456434775191
1244010,-0.10118102264287177,-0.12106906014067231,-0.1005415198020625
1244108,0.03201408840041908,0.05277828021867914,0.16041353872437458
1244708,-0.0272383517639454,-0.025611635915625097,0.0070681446948897
1252806,-0.07163400403787556,-0.08558438599925422,-0.12046227790456188
1254337,0.01601160967114401,0.03785657564702882,0.18710231522924037
1256232,-0.028656317993758673,-0.01421022199698152,0.1327083806693503
1257564,-0.09502945511306637,-0.11966374165255167,-0.2298326060268061
1259807,-0.05258818108045582,-0.10125863157308301,-0.42440324784118877
1260772,-0.0533461668809323,-0.05998694659936876,-0.04482531168376269
1262004,0.02380973851791146,0.04459704191885905,0.18394496895366208
1264111,0.20273732353809715,0.2700945094117917,0.5575413310550181
1264195,-0.06567595093903966,-0.07689997182451314,-0.07892408817464514
1268143,-0.023309694594968455,-0.01424054590692525,0.14524188341524003
1269348,0.034230795224428734,0.06275412841606709,0.2703857786536643
1270307,0.0034972376771946756,0.016660029152569145,0.18807457888049184
1270364,0.12732722812650787,0.18510879932433344,0.45255286554224305
1270739,-0.055096996953882926,-0.06827488220706335,-0.10521553696268926
1270965,0.028275866167223773,0.05089726809877648,0.1922900996366419
1271627,-0.00898373241937267,-0.005068198796543633,0.05475685355780313
1273277,0.04388621122512837,0.06732033215581623,0.25032563183988765
1273980,-0.07906331824802648,-0.09707566811040014,-0.16431174255701197
1276626,0.06373058584591718,0.09175423669800309,0.22665510124896437
1278337,-0.08619338523863629,-0.10350555863230637,-0.09574149626424866
1280985,-0.03464458046619234,-0.02837156628341231,0.08077015889039352
1286992,-0.1265225427407608,-0.15327327802934776,-0.17957141857739778
1287213,-0.1371791679810732,-0.1745978444331493,-0.35451430632277825
1287404,-0.0678495673573356,-0.07196200163314437,0.08678918302609873
1287515,-0.0711804015890487,-0.08173608156442969,-0.030762149525854543
1289192,-0.12628224626084694,-0.1583204256271904,-0.1945592563642804
1294770,0.115057201981835,0.1653091550807726,0.4053631450782289
1296205,-0.004961949002806998,0.008522984797296074,0.12154739705817441
1296905,0.021540171908406736,0.04081329224430075,0.1905312964889574
1302115,0.0889951746665838,0.12971705131091915,0.3588505401932829
1302900,-0.060307462598784056,-0.06966683768083803,-0.09057339981005708
1302951,-0.11688578848384368,-0.14361492554268196,-0.1747500027153217
1302994,0.04010732189101307,0.06482867864641007,0.21637978632171473
1304414,0.052065811734424816,0.08538098356966572,0.26018243496702187
1305491,-0.09974738091281732,-0.12207701197940768,-0.20454146674460416
1307057,0.04792489156646407,0.0755525333889635,0.2360919578011358
1308132,0.08806427295959685,0.14108465417510452,0.46441587548554075
1308349,0.026419350771726302,0.05374066975135672,0.24768851979880546
1309647,-0.012685248697797413,-0.009328545687435907,0.014544540935475636
1309773,-0.06606071862091234,-0.07341034911548738,-0.035267893913181414
1309861,0.04200289251968137,0.06584086402701606,0.19384675928574557
1310062,0.1203170659690993,0.1687447020852535,0.4009147677740401
1311017,-0.011095312636961951,0.01716117898901315,0.25403146377881214
1311028,-0.04471453263449965,-0.04987756467810023,-0.0076555960988571314
1312753,-0.031104431982258873,-0.02682553326982684,0.05776184581720267
1312842,-0.09174339648037999,-0.11196611573051651,-0.16726346617114363
1313336,-0.012779197505831563,-0.002649520374364611,0.1241521234084706
1313814,0.14039571804706896,0.20722372874474093,0.5173783158604417
1314429,-0.07714451420601498,-0.09269602135094379,-0.10633553639959104
1314669,-0.10080703098741917,-0.11696788372859612,-0.09482959413699765
1315949,-0.16849821143312838,-0.20785117234620243,-0.22339811706840162
1316641,-0.1426061948910642,-0.1797541585787299,-0.26543872234399046
1318648,0.06654115103686742,0.10029956209252289,0.31485429945002963
1318696,0.04716168770025175,0.07255565557499821,0.20692615692744742
1319598,-0.11048024838651327,-0.13694999921844841,-0.24298855193734736
1320783,-0.028906982767915368,-0.02583878067027734,0.0339594351961483
1321476,0.07298903040532001,0.10486181243802584,0.292942620777628
1325242,0.01695669530263544,0.03774764474225978,0.2320185266988104
1327499,0.12269937882903892,0.16617989787898102,0.33197834165663975
1328343,0.0005053615346191087,0.030230275944091556,0.22469836839251034
1330906,0.10602696856066052,0.15530506732044858,0.40634673473144334
1333022,-0.014837992301855119,-0.008259481012288239,0.07852139005908843
1335225,-0.014114041433357372,-0.013424894394200582,-0.016828727697858703
1338157,-0.08628068362161012,-0.10508293651157397,-0.07216628668509495
1338346,0.023900197775758025,0.03667606319136785,0.08909625141719957
1340601,-0.10949430508006808,-0.12429178793611495,-0.05789088031678613
1341591,-0.0733750179473025,-0.08167007495810141,-0.05948459015531604
1342828,0.027798064291325364,0.05100038331024792,0.20600746146186877
1343755,-0.1003952480429251,-0.11939356914174692,-0.08027107589739524
1344267,-0.09198800289702791,-0.10782524438010377,-0.09470123613250747
1344877,-0.04086959654930644,-0.03994376949112466,0.028781096967104958
1346300,-0.0519066589710111,-0.0574495246076514,-0.06545922518069114
1346639,-0.027534832946279786,-0.026193030339492385,0.026401890526223326
1347436,-0.11035614229411128,-0.13076324506952064,-0.1252149389788193
1348418,0.1032206179000259,0.1561288165203747,0.46216593048426
1348974,-0.0557526677348712,-0.06111499885069693,0.005603560947618824
1349213,-0.025928626645860264,-0.01628182081869345,0.09252388590055283
1350092,0.045928882705306595,0.0665804963936596,0.1558525172136238
1351908,-0.06684959919882649,-0.0831839943572612,-0.16241229099784604
1352900,-0.01413112060598598,-0.00663990202760445,0.047222936658723125
1353069,0.10057874186491489,0.14885194488910702,0.3865103050450269
1353074,-0.04433053341229565,-0.04431928408482566,0.056207360498843784
1355041,-0.021799914539622156,-0.020926008760326464,-0.004348073713140721
1360577,0.049349927910085745,0.08101768686274569,0.2705262967894666
1366830,-0.11702548292365678,-0.15410162010920403,-0.338529888975156
1367129,-0.039221132912245826,-0.032663082888297446,0.06765116566750384
1367134,-0.021418784441748384,-0.014969549303137208,0.11077895368998902
1367188,-0.04016597672660027,-0.06725676544256087,-0.3133221125263961
1369717,-0.01616543903861456,-0.007747139401428127,0.08934635545000669
1370139,-0.013693696395565835,-0.01923042583822676,-0.06313421012498655
1370215,0.006230819626751649,0.017480835195681,0.10467204865039381
1373915,-0.0015028195156170376,0.0016701267101113526,0.08821623527456923
1374856,0.0018901624712543974,0.019496525806376397,0.14669612787257158
1379733,0.012749762245717555,0.032675189926602455,0.1602127208247679
1380180,-0.0584235191336504,-0.06733156339393287,-0.057643502109444356
1380762,0.028299076025638525,0.05137911788744831,0.23644450617447532
1381397,0.2530574483349004,0.3280350995086825,0.5917852270244985
1384281,-0.1019194105171074,-0.1286751395830481,-0.2447192165926082
1385198,-0.049640930861989174,-0.05403702781144171,-0.012615852457054988
1386553,0.08971418064023395,0.1350942841834346,0.3824340059977036
1390917,-0.028234605000363233,-0.028390260391367494,-0.011238638628413788
1391746,-0.07510633957832225,-0.08872642665112451,-0.027565201037765608
1392681,0.09917014742329777,0.15350867630003773,0.4791276432074474
1393485,-0.053678433334983344,-0.05979173639220936,-0.04663494627136844
1394197,-0.018462398608314445,-0.014047246783509992,0.06591358113086487
1395322,-0.06271268532092744,-0.057107807181650205,0.1112310730902486
1396764,0.0022458126635716003,0.015171799997518498,0.16375349768746927
1404017,-0.03780046522895564,-0.03624771863787868,0.070870783953076
1406867,-0.14188017188780822,-0.20897180441044605,-0.640735029265064
1408552,-0.07467967607797332,-0.08284466954225533,-0.02471325837081695
1408619,0.006226284297930151,0.01477177534774432,0.05244323319776223
1409711,-0.1337688792141727,-0.15806408912631986,-0.14793561688437817
1411248,0.19798015769431943,0.2575532121054893,0.47712874104568836
1411425,-0.04908767535234548,-0.04634357979297188,0.049934133645215706
1412937,-0.07127526189290556,-0.08216515397641255,-0.056403330193082635
1415683,0.1916677933866755,0.282291125942185,0.6883990193377167
1415719,-0.057130241072281596,-0.06022898788537945,-0.029562002182581093
1416587,-0.12751626096971358,-0.15382443119752853,-0.15065390165839165
1418589,-0.06592350231889854,-0.0743903406909514,-0.046088565230161915
1420705,0.16883628212373325,0.24294690682066467,0.6096359711078634
1421342,0.08947532495303934,0.13093235251763513,0.3892003456279225
1424614,0.2801036538917825,0.3951915028974291,0.9548143934134652
1426001,-0.06317095586982635,-0.0747121949955023,-0.029574897079954088
1426111,0.07297485533319881,0.10737254969013343,0.30474874774162153
1426277,-0.06355137623569118,-0.07322976528641134,-0.059662707044696894
1426577,0.0680206649898325,0.0925722821484447,0.17587869638136677
1429133,0.02217438182337894,0.03896668013694948,0.15120021004774253
1431002,0.09173913715473625,0.13398579080944062,0.3490264887108383
1431237,0.12392475057598662,0.15616707248812167,0.24657065073389228
1432888,-0.02670219122140627,-0.026306754177006342,-0.012130254712985566
1434707,-0.011647373708126407,-0.001272539372331849,0.11249875973207368
1434871,-0.06256616195215892,-0.06966184369722428,-0.043356424536269866
1435461,-0.07787142379368439,-0.1034142750147593,-0.23221186552706463
1435604,0.0715466371534974,0.11034206614774322,0.3136875637928602
1440076,-0.1168810397138611,-0.14544970952872238,-0.264319396907847
1443834,0.013548721691144516,0.0498542784045477,0.30992045434970095
1443964,-0.16179442221374551,-0.20275553869268115,-0.32315636070777254
1444180,0.005684636068568283,0.015485079851103922,0.13769967521974147
1444348,-0.10819397075716619,-0.1302013688080761,-0.09554341253988063
1444578,0.004410424932018042,0.013972001926310984,0.07352032786171359
1444646,-0.04409696690640308,-0.04376773586626759,0.028631060501294492
1444953,0.018164618625281514,0.03893278472906281,0.1761510781451232
1446581,-0.06162362441156688,-0.06711750443750741,0.01631148505057789
1448235,0.0850418434570035,0.13167344006518134,0.413040625575646
1449831,0.051588820160738624,0.08095437949499007,0.2534305439669957
1451143,-0.06301031429600257,-0.06898115047570963,-0.018280244406218227
1451713,-0.09482857756973928,-0.11626171666615748,-0.15543819702763084
1456653,0.12392547309411839,0.16463505843666404,0.31251008542597214
1457081,0.047432019531466474,0.06967288834378516,0.17743299486106645
1458143,-0.03565456380731269,-0.037440307966006614,-0.005392709299763876
1460570,-0.011839878159014772,-0.015918979278873646,-0.052755359404832
1461688,-0.01921520603921356,-0.015250375633905078,0.046485531826018
1467047,-0.09151304423354967,-0.10510645245082184,-0.016951164457218226
1467714,-0.012894603552166317,-0.006197425285715763,0.07704280387711293
1468513,0.05953970896147753,0.09652460384786199,0.3074892836169991
1469275,-0.02807672798682903,-0.024174657829528545,0.04288058621240021
1472823,-0.03957768054272359,-0.041313824207505734,0.006244149709294877
1475534,0.1254214562504723,0.1799959036122225,0.4436339148490456
1478053,-0.09877965641628816,-0.1167152329606127,-0.09827377958369077
1478307,-0.02226625480990463,-0.022853031059415496,-0.023031164227595546
1479288,-0.007032855239464508,0.007025101788952659,0.16111718437873046
1479965,-0.07452992204251663,-0.09102919318681657,-0.1306187245756254
1482824,0.03853649885250132,0.0637682783741762,0.19850930861052474
1483520,0.05685429173081302,0.08866340677767548,0.27979014681963754
1484058,-0.011971380351467276,-0.01039054838048048,0.007648926273908785
1485142,-0.0036373815729633385,-0.0007517163869388277,0.02697334018981623
1487314,0.10713175354976734,0.14784307347008196,0.31300487916462094
1488264,-0.07246967649019065,-0.08420805351643779,-0.053279321853282546
1493615,0.02006347621749005,0.03806838367124454,0.16858382149071716
1497794,-0.08869475073466715,-0.10376628548812561,-0.08008157614988765
1498879,-0.09558850723482304,-0.12145711277106463,-0.23941299219341605
